t_over_L,d_mm,L_mm,N,lattice_type,band_mean_alpha,alpha_1000hz
0.03,0.5,10.0,5,FCC_face,0.518546,0.81589
0.03,0.5,10.0,10,FCC_face,0.672772,0.421602
0.03,0.5,10.0,15,FCC_face,0.693488,0.740006
0.03,0.5,10.0,20,FCC_face,0.728213,0.724914
0.03,0.5,13.3333,5,FCC_face,0.61492,0.477204
0.03,0.5,13.3333,10,FCC_face,0.636521,0.90708
0.03,0.5,13.3333,15,FCC_face,0.682154,0.617022
0.03,0.5,13.3333,20,FCC_face,0.691364,0.63866
0.03,0.5,16.6667,5,FCC_face,0.539604,0.390772
0.03,0.5,16.6667,10,FCC_face,0.600389,0.576155
0.03,0.5,16.6667,15,FCC_face,0.599386,0.623875
0.03,0.5,16.6667,20,FCC_face,0.602795,0.627836
0.03,0.5,20.0,5,FCC_face,0.473986,0.618316
0.03,0.5,20.0,10,FCC_face,0.494556,0.515057
0.03,0.5,20.0,15,FCC_face,0.496567,0.544419
0.03,0.5,20.0,20,FCC_face,0.496113,0.538365
0.03,0.5,23.3333,5,FCC_face,0.352968,0.442786
0.03,0.5,23.3333,10,FCC_face,0.353041,0.456401
0.03,0.5,23.3333,15,FCC_face,0.352806,0.45457
0.03,0.5,23.3333,20,FCC_face,0.352757,0.45408
0.03,0.5,26.6667,5,FCC_face,0.238392,0.33623
0.03,0.5,26.6667,10,FCC_face,0.236742,0.348549
0.03,0.5,26.6667,15,FCC_face,0.236909,0.348661
0.03,0.5,26.6667,20,FCC_face,0.236908,0.348652
0.03,0.5,30.0,5,FCC_face,0.158699,0.206672
0.03,0.5,30.0,10,FCC_face,0.159569,0.206888
0.03,0.5,30.0,15,FCC_face,0.159558,0.206888
0.03,0.5,30.0,20,FCC_face,0.159558,0.206888
0.03,0.5,33.3333,5,FCC_face,0.108354,0.107336
0.03,0.5,33.3333,10,FCC_face,0.108165,0.107336
0.03,0.5,33.3333,15,FCC_face,0.108163,0.107336
0.03,0.5,33.3333,20,FCC_face,0.108163,0.107336
0.03,0.5,36.6667,5,FCC_face,0.074049,0.06879
0.03,0.5,36.6667,10,FCC_face,0.074076,0.06879
0.03,0.5,36.6667,15,FCC_face,0.074076,0.06879
0.03,0.5,36.6667,20,FCC_face,0.074076,0.06879
0.03,0.5,40.0,5,FCC_face,0.05188,0.049268
0.03,0.5,40.0,10,FCC_face,0.051879,0.049268
0.03,0.5,40.0,15,FCC_face,0.051879,0.049268
0.03,0.5,40.0,20,FCC_face,0.051879,0.049268
0.03,0.6786,10.0,5,FCC_face,0.352246,0.294829
0.03,0.6786,10.0,10,FCC_face,0.471369,0.460375
0.03,0.6786,10.0,15,FCC_face,0.553447,0.33518
0.03,0.6786,10.0,20,FCC_face,0.647912,0.882055
0.03,0.6786,13.3333,5,FCC_face,0.41944,0.651766
0.03,0.6786,13.3333,10,FCC_face,0.560274,0.380967
0.03,0.6786,13.3333,15,FCC_face,0.668681,0.675246
0.03,0.6786,13.3333,20,FCC_face,0.742768,0.736338
0.03,0.6786,16.6667,5,FCC_face,0.568499,0.297533
0.03,0.6786,16.6667,10,FCC_face,0.631874,0.647725
0.03,0.6786,16.6667,15,FCC_face,0.696453,0.892459
0.03,0.6786,16.6667,20,FCC_face,0.703063,0.795163
0.03,0.6786,20.0,5,FCC_face,0.540154,0.439798
0.03,0.6786,20.0,10,FCC_face,0.62818,0.785237
0.03,0.6786,20.0,15,FCC_face,0.631714,0.758804
0.03,0.6786,20.0,20,FCC_face,0.643033,0.680319
0.03,0.6786,23.3333,5,FCC_face,0.497542,0.62797
0.03,0.6786,23.3333,10,FCC_face,0.538823,0.550652
0.03,0.6786,23.3333,15,FCC_face,0.548109,0.597049
0.03,0.6786,23.3333,20,FCC_face,0.547541,0.597741
0.03,0.6786,26.6667,5,FCC_face,0.397436,0.42403
0.03,0.6786,26.6667,10,FCC_face,0.405983,0.503513
0.03,0.6786,26.6667,15,FCC_face,0.406726,0.517975
0.03,0.6786,26.6667,20,FCC_face,0.406821,0.521037
0.03,0.6786,30.0,5,FCC_face,0.289685,0.395907
0.03,0.6786,30.0,10,FCC_face,0.285236,0.439791
0.03,0.6786,30.0,15,FCC_face,0.285458,0.430193
0.03,0.6786,30.0,20,FCC_face,0.285703,0.431572
0.03,0.6786,33.3333,5,FCC_face,0.196618,0.30889
0.03,0.6786,33.3333,10,FCC_face,0.200446,0.302747
0.03,0.6786,33.3333,15,FCC_face,0.200131,0.303083
0.03,0.6786,33.3333,20,FCC_face,0.200185,0.303073
0.03,0.6786,36.6667,5,FCC_face,0.13938,0.140801
0.03,0.6786,36.6667,10,FCC_face,0.139898,0.140746
0.03,0.6786,36.6667,15,FCC_face,0.140014,0.140746
0.03,0.6786,36.6667,20,FCC_face,0.140023,0.140746
0.03,0.6786,40.0,5,FCC_face,0.098136,0.07808
0.03,0.6786,40.0,10,FCC_face,0.097572,0.07808
0.03,0.6786,40.0,15,FCC_face,0.097581,0.07808
0.03,0.6786,40.0,20,FCC_face,0.097582,0.07808
0.03,0.8571,13.3333,5,FCC_face,0.3207,0.563648
0.03,0.8571,13.3333,10,FCC_face,0.481984,0.255556
0.03,0.8571,13.3333,15,FCC_face,0.575415,0.907675
0.03,0.8571,13.3333,20,FCC_face,0.668679,0.442072
0.03,0.8571,16.6667,5,FCC_face,0.453295,0.346708
0.03,0.8571,16.6667,10,FCC_face,0.569794,0.91527
0.03,0.8571,16.6667,15,FCC_face,0.667816,0.473078
0.03,0.8571,16.6667,20,FCC_face,0.735641,0.603299
0.03,0.8571,20.0,5,FCC_face,0.475005,0.230793
0.03,0.8571,20.0,10,FCC_face,0.62347,0.393664
0.03,0.8571,20.0,15,FCC_face,0.688429,0.517107
0.03,0.8571,20.0,20,FCC_face,0.707991,0.611201
0.03,0.8571,23.3333,5,FCC_face,0.511057,0.688873
0.03,0.8571,23.3333,10,FCC_face,0.634696,0.803965
0.03,0.8571,23.3333,15,FCC_face,0.643795,0.576099
0.03,0.8571,23.3333,20,FCC_face,0.655022,0.618761
0.03,0.8571,26.6667,5,FCC_face,0.492212,0.474296
0.03,0.8571,26.6667,10,FCC_face,0.547339,0.71069
0.03,0.8571,26.6667,15,FCC_face,0.565711,0.552173
0.03,0.8571,26.6667,20,FCC_face,0.568634,0.659402
0.03,0.8571,30.0,5,FCC_face,0.4057,0.437493
0.03,0.8571,30.0,10,FCC_face,0.424899,0.552647
0.03,0.8571,30.0,15,FCC_face,0.427728,0.56753
0.03,0.8571,30.0,20,FCC_face,0.428179,0.565889
0.03,0.8571,33.3333,5,FCC_face,0.311299,0.422309
0.03,0.8571,33.3333,10,FCC_face,0.309507,0.496859
0.03,0.8571,33.3333,15,FCC_face,0.309957,0.472159
0.03,0.8571,33.3333,20,FCC_face,0.310716,0.480295
0.03,0.8571,36.6667,5,FCC_face,0.21784,0.410623
0.03,0.8571,36.6667,10,FCC_face,0.224748,0.36286
0.03,0.8571,36.6667,15,FCC_face,0.225001,0.36309
0.03,0.8571,36.6667,20,FCC_face,0.224919,0.363533
0.03,0.8571,40.0,5,FCC_face,0.157967,0.181242
0.03,0.8571,40.0,10,FCC_face,0.161748,0.180205
0.03,0.8571,40.0,15,FCC_face,0.162221,0.180202
0.03,0.8571,40.0,20,FCC_face,0.162132,0.180202
0.03,1.0357,13.3333,5,FCC_face,0.246956,0.347779
0.03,1.0357,13.3333,10,FCC_face,0.403853,0.232915
0.03,1.0357,13.3333,15,FCC_face,0.482204,0.465499
0.03,1.0357,13.3333,20,FCC_face,0.555159,0.524074
0.03,1.0357,16.6667,5,FCC_face,0.303154,0.386929
0.03,1.0357,16.6667,10,FCC_face,0.484607,0.396238
0.03,1.0357,16.6667,15,FCC_face,0.607362,0.403566
0.03,1.0357,16.6667,20,FCC_face,0.685326,0.982097
0.03,1.0357,20.0,5,FCC_face,0.445654,0.216495
0.03,1.0357,20.0,10,FCC_face,0.566402,0.543733
0.03,1.0357,20.0,15,FCC_face,0.671688,0.96796
0.03,1.0357,20.0,20,FCC_face,0.711775,0.868884
0.03,1.0357,23.3333,5,FCC_face,0.452132,0.256363
0.03,1.0357,23.3333,10,FCC_face,0.633785,0.534982
0.03,1.0357,23.3333,15,FCC_face,0.671368,0.764256
0.03,1.0357,23.3333,20,FCC_face,0.710746,0.869195
0.03,1.0357,26.6667,5,FCC_face,0.477722,0.994862
0.03,1.0357,26.6667,10,FCC_face,0.617416,0.46749
0.03,1.0357,26.6667,15,FCC_face,0.647728,0.634386
0.03,1.0357,26.6667,20,FCC_face,0.654442,0.779077
0.03,1.0357,30.0,5,FCC_face,0.477028,0.336235
0.03,1.0357,30.0,10,FCC_face,0.536834,0.803059
0.03,1.0357,30.0,15,FCC_face,0.558407,0.653799
0.03,1.0357,30.0,20,FCC_face,0.56666,0.588853
0.03,1.0357,33.3333,5,FCC_face,0.395653,0.551663
0.03,1.0357,33.3333,10,FCC_face,0.424033,0.689796
0.03,1.0357,33.3333,15,FCC_face,0.429309,0.637992
0.03,1.0357,33.3333,20,FCC_face,0.430235,0.598797
0.03,1.0357,36.6667,5,FCC_face,0.313336,0.384654
0.03,1.0357,36.6667,10,FCC_face,0.315884,0.561128
0.03,1.0357,36.6667,15,FCC_face,0.318286,0.487716
0.03,1.0357,36.6667,20,FCC_face,0.320041,0.51009
0.03,1.0357,40.0,5,FCC_face,0.22499,0.488103
0.03,1.0357,40.0,10,FCC_face,0.236591,0.398146
0.03,1.0357,40.0,15,FCC_face,0.237906,0.394917
0.03,1.0357,40.0,20,FCC_face,0.237616,0.39697
0.03,1.2143,16.6667,5,FCC_face,0.234133,0.375295
0.03,1.2143,16.6667,10,FCC_face,0.370445,0.22647
0.03,1.2143,16.6667,15,FCC_face,0.495266,0.51842
0.03,1.2143,16.6667,20,FCC_face,0.607891,0.515476
0.03,1.2143,20.0,5,FCC_face,0.374043,0.227269
0.03,1.2143,20.0,10,FCC_face,0.470842,0.805388
0.03,1.2143,20.0,15,FCC_face,0.626286,0.574644
0.03,1.2143,20.0,20,FCC_face,0.674219,0.445623
0.03,1.2143,23.3333,5,FCC_face,0.381032,0.178411
0.03,1.2143,23.3333,10,FCC_face,0.560749,0.315784
0.03,1.2143,23.3333,15,FCC_face,0.659558,0.428843
0.03,1.2143,23.3333,20,FCC_face,0.707995,0.525615
0.03,1.2143,26.6667,5,FCC_face,0.45931,0.448672
0.03,1.2143,26.6667,10,FCC_face,0.615393,0.982623
0.03,1.2143,26.6667,15,FCC_face,0.664781,0.657667
0.03,1.2143,26.6667,20,FCC_face,0.702283,0.559526
0.03,1.2143,30.0,5,FCC_face,0.48429,0.657779
0.03,1.2143,30.0,10,FCC_face,0.593541,0.433887
0.03,1.2143,30.0,15,FCC_face,0.641779,0.803592
0.03,1.2143,30.0,20,FCC_face,0.650876,0.601006
0.03,1.2143,33.3333,5,FCC_face,0.449661,0.270544
0.03,1.2143,33.3333,10,FCC_face,0.512714,0.507553
0.03,1.2143,33.3333,15,FCC_face,0.534082,0.717824
0.03,1.2143,33.3333,20,FCC_face,0.543307,0.730742
0.03,1.2143,36.6667,5,FCC_face,0.376909,0.825055
0.03,1.2143,36.6667,10,FCC_face,0.411601,0.682003
0.03,1.2143,36.6667,15,FCC_face,0.418785,0.552983
0.03,1.2143,36.6667,20,FCC_face,0.420132,0.563055
0.03,1.2143,40.0,5,FCC_face,0.303826,0.32429
0.03,1.2143,40.0,10,FCC_face,0.3103,0.585535
0.03,1.2143,40.0,15,FCC_face,0.316597,0.523774
0.03,1.2143,40.0,20,FCC_face,0.319539,0.510311
0.03,1.3929,20.0,5,FCC_face,0.278974,0.236953
0.03,1.3929,20.0,10,FCC_face,0.420342,0.610054
0.03,1.3929,20.0,15,FCC_face,0.526461,0.320881
0.03,1.3929,20.0,20,FCC_face,0.635479,0.519058
0.03,1.3929,23.3333,5,FCC_face,0.348484,0.161286
0.03,1.3929,23.3333,10,FCC_face,0.515233,0.347182
0.03,1.3929,23.3333,15,FCC_face,0.627899,0.628263
0.03,1.3929,23.3333,20,FCC_face,0.670769,0.935027
0.03,1.3929,26.6667,5,FCC_face,0.391264,0.218466
0.03,1.3929,26.6667,10,FCC_face,0.584898,0.524295
0.03,1.3929,26.6667,15,FCC_face,0.645043,0.845755
0.03,1.3929,26.6667,20,FCC_face,0.710319,0.984954
0.03,1.3929,30.0,5,FCC_face,0.422897,0.871077
0.03,1.3929,30.0,10,FCC_face,0.602919,0.452171
0.03,1.3929,30.0,15,FCC_face,0.660542,0.517184
0.03,1.3929,30.0,20,FCC_face,0.684902,0.934029
0.03,1.3929,33.3333,5,FCC_face,0.460779,0.356412
0.03,1.3929,33.3333,10,FCC_face,0.56787,0.872482
0.03,1.3929,33.3333,15,FCC_face,0.618134,0.495964
0.03,1.3929,33.3333,20,FCC_face,0.637198,0.761094
0.03,1.3929,36.6667,5,FCC_face,0.417613,0.283956
0.03,1.3929,36.6667,10,FCC_face,0.482623,0.428171
0.03,1.3929,36.6667,15,FCC_face,0.504555,0.515505
0.03,1.3929,36.6667,20,FCC_face,0.513245,0.57396
0.03,1.3929,40.0,5,FCC_face,0.354372,0.885108
0.03,1.3929,40.0,10,FCC_face,0.391635,0.462603
0.03,1.3929,40.0,15,FCC_face,0.399212,0.567394
0.03,1.3929,40.0,20,FCC_face,0.401288,0.646229
0.03,1.5714,20.0,5,FCC_face,0.207587,0.237209
0.03,1.5714,20.0,10,FCC_face,0.363538,0.345492
0.03,1.5714,20.0,15,FCC_face,0.468208,0.274318
0.03,1.5714,20.0,20,FCC_face,0.552911,0.744334
0.03,1.5714,23.3333,5,FCC_face,0.309656,0.158071
0.03,1.5714,23.3333,10,FCC_face,0.426693,0.454685
0.03,1.5714,23.3333,15,FCC_face,0.560194,0.871312
0.03,1.5714,23.3333,20,FCC_face,0.635783,0.650228
0.03,1.5714,26.6667,5,FCC_face,0.313375,0.154472
0.03,1.5714,26.6667,10,FCC_face,0.505285,0.285689
0.03,1.5714,26.6667,15,FCC_face,0.613554,0.395284
0.03,1.5714,26.6667,20,FCC_face,0.688221,0.485452
0.03,1.5714,30.0,5,FCC_face,0.398873,0.428322
0.03,1.5714,30.0,10,FCC_face,0.577627,0.862326
0.03,1.5714,30.0,15,FCC_face,0.643803,0.525283
0.03,1.5714,30.0,20,FCC_face,0.700457,0.502021
0.03,1.5714,33.3333,5,FCC_face,0.444228,0.620435
0.03,1.5714,33.3333,10,FCC_face,0.582018,0.363556
0.03,1.5714,33.3333,15,FCC_face,0.651721,0.911733
0.03,1.5714,33.3333,20,FCC_face,0.675654,0.542644
0.03,1.5714,36.6667,5,FCC_face,0.4405,0.241488
0.03,1.5714,36.6667,10,FCC_face,0.53621,0.648353
0.03,1.5714,36.6667,15,FCC_face,0.577925,0.903481
0.03,1.5714,36.6667,20,FCC_face,0.599901,0.648735
0.03,1.5714,40.0,5,FCC_face,0.385919,0.445832
0.03,1.5714,40.0,10,FCC_face,0.451367,0.76624
0.03,1.5714,40.0,15,FCC_face,0.474106,0.812556
0.03,1.5714,40.0,20,FCC_face,0.482979,0.754555
0.03,1.75,23.3333,5,FCC_face,0.265022,0.157736
0.03,1.75,23.3333,10,FCC_face,0.358552,0.554798
0.03,1.75,23.3333,15,FCC_face,0.512352,0.548169
0.03,1.75,23.3333,20,FCC_face,0.56987,0.369972
0.03,1.75,26.6667,5,FCC_face,0.281044,0.131416
0.03,1.75,26.6667,10,FCC_face,0.452532,0.244484
0.03,1.75,26.6667,15,FCC_face,0.575151,0.356096
0.03,1.75,26.6667,20,FCC_face,0.646514,0.475225
0.03,1.75,30.0,5,FCC_face,0.358978,0.227494
0.03,1.75,30.0,10,FCC_face,0.527411,0.703385
0.03,1.75,30.0,15,FCC_face,0.611467,0.955365
0.03,1.75,30.0,20,FCC_face,0.693234,0.75942
0.03,1.75,33.3333,5,FCC_face,0.373686,0.781473
0.03,1.75,33.3333,10,FCC_face,0.563582,0.359515
0.03,1.75,33.3333,15,FCC_face,0.644204,0.554455
0.03,1.75,33.3333,20,FCC_face,0.682501,0.902081
0.03,1.75,36.6667,5,FCC_face,0.425282,0.316585
0.03,1.75,36.6667,10,FCC_face,0.55757,0.833234
0.03,1.75,36.6667,15,FCC_face,0.627236,0.449508
0.03,1.75,36.6667,20,FCC_face,0.658684,0.828703
0.03,1.75,40.0,5,FCC_face,0.405441,0.226473
0.03,1.75,40.0,10,FCC_face,0.495775,0.37053
0.03,1.75,40.0,15,FCC_face,0.533502,0.504142
0.03,1.75,40.0,20,FCC_face,0.551607,0.630146
0.03,1.9286,23.3333,5,FCC_face,0.218669,0.156595
0.03,1.9286,23.3333,10,FCC_face,0.319215,0.528959
0.03,1.9286,23.3333,15,FCC_face,0.442647,0.321052
0.03,1.9286,23.3333,20,FCC_face,0.527895,0.32619
0.03,1.9286,26.6667,5,FCC_face,0.255217,0.121407
0.03,1.9286,26.6667,10,FCC_face,0.412153,0.256776
0.03,1.9286,26.6667,15,FCC_face,0.533155,0.459406
0.03,1.9286,26.6667,20,FCC_face,0.591916,0.745349
0.03,1.9286,30.0,5,FCC_face,0.287683,0.154217
0.03,1.9286,30.0,10,FCC_face,0.488369,0.352425
0.03,1.9286,30.0,15,FCC_face,0.577288,0.598077
0.03,1.9286,30.0,20,FCC_face,0.656742,0.838061
0.03,1.9286,33.3333,5,FCC_face,0.346174,0.499097
0.03,1.9286,33.3333,10,FCC_face,0.544304,0.563033
0.03,1.9286,33.3333,15,FCC_face,0.620843,0.385036
0.03,1.9286,33.3333,20,FCC_face,0.675062,0.602668
0.03,1.9286,36.6667,5,FCC_face,0.406898,0.476464
0.03,1.9286,36.6667,10,FCC_face,0.549253,0.357199
0.03,1.9286,36.6667,15,FCC_face,0.640485,0.741622
0.03,1.9286,36.6667,20,FCC_face,0.675638,0.569414
0.03,1.9286,40.0,5,FCC_face,0.413838,0.211047
0.03,1.9286,40.0,10,FCC_face,0.527908,0.612212
0.03,1.9286,40.0,15,FCC_face,0.583855,0.960367
0.03,1.9286,40.0,20,FCC_face,0.616141,0.637539
0.03,2.1071,26.6667,5,FCC_face,0.229976,0.116184
0.03,2.1071,26.6667,10,FCC_face,0.360884,0.290529
0.03,2.1071,26.6667,15,FCC_face,0.464776,0.620636
0.03,2.1071,26.6667,20,FCC_face,0.544357,0.786797
0.03,2.1071,30.0,5,FCC_face,0.241024,0.122246
0.03,2.1071,30.0,10,FCC_face,0.416382,0.234381
0.03,2.1071,30.0,15,FCC_face,0.533272,0.336487
0.03,2.1071,30.0,20,FCC_face,0.622713,0.428589
0.03,2.1071,33.3333,5,FCC_face,0.321564,0.282523
0.03,2.1071,33.3333,10,FCC_face,0.482868,0.804469
0.03,2.1071,33.3333,15,FCC_face,0.587321,0.540194
0.03,2.1071,33.3333,20,FCC_face,0.661064,0.436175
0.03,2.1071,36.6667,5,FCC_face,0.345808,0.6401
0.03,2.1071,36.6667,10,FCC_face,0.534661,0.284445
0.03,2.1071,36.6667,15,FCC_face,0.627805,0.821477
0.03,2.1071,36.6667,20,FCC_face,0.672677,0.571751
0.03,2.1071,40.0,5,FCC_face,0.392238,0.252931
0.03,2.1071,40.0,10,FCC_face,0.534133,0.941776
0.03,2.1071,40.0,15,FCC_face,0.613414,0.437556
0.03,2.1071,40.0,20,FCC_face,0.65711,0.651247
0.03,2.2857,30.0,5,FCC_face,0.216086,0.105946
0.03,2.2857,30.0,10,FCC_face,0.369135,0.196309
0.03,2.2857,30.0,15,FCC_face,0.484869,0.277116
0.03,2.2857,30.0,20,FCC_face,0.568789,0.35233
0.03,2.2857,33.3333,5,FCC_face,0.287487,0.182892
0.03,2.2857,33.3333,10,FCC_face,0.444869,0.596956
0.03,2.2857,33.3333,15,FCC_face,0.541941,0.837539
0.03,2.2857,33.3333,20,FCC_face,0.637413,0.65439
0.03,2.2857,36.6667,5,FCC_face,0.304638,0.579544
0.03,2.2857,36.6667,10,FCC_face,0.496964,0.337091
0.03,2.2857,36.6667,15,FCC_face,0.59663,0.396583
0.03,2.2857,36.6667,20,FCC_face,0.656476,0.988213
0.03,2.2857,40.0,5,FCC_face,0.370882,0.335318
0.03,2.2857,40.0,10,FCC_face,0.521562,0.441834
0.03,2.2857,40.0,15,FCC_face,0.617288,0.470812
0.03,2.2857,40.0,20,FCC_face,0.666149,0.859426
0.03,2.4643,30.0,5,FCC_face,0.197137,0.096517
0.03,2.4643,30.0,10,FCC_face,0.338029,0.186711
0.03,2.4643,30.0,15,FCC_face,0.455319,0.287407
0.03,2.4643,30.0,20,FCC_face,0.534245,0.411628
0.03,2.4643,33.3333,5,FCC_face,0.240648,0.134708
0.03,2.4643,33.3333,10,FCC_face,0.413575,0.350063
0.03,2.4643,33.3333,15,FCC_face,0.502021,0.656043
0.03,2.4643,33.3333,20,FCC_face,0.593045,0.884181
0.03,2.4643,36.6667,5,FCC_face,0.283745,0.390536
0.03,2.4643,36.6667,10,FCC_face,0.472492,0.474009
0.03,2.4643,36.6667,15,FCC_face,0.560093,0.327516
0.03,2.4643,36.6667,20,FCC_face,0.629958,0.536485
0.03,2.4643,40.0,5,FCC_face,0.343203,0.443911
0.03,2.4643,40.0,10,FCC_face,0.500894,0.271164
0.03,2.4643,40.0,15,FCC_face,0.599457,0.866096
0.03,2.4643,40.0,20,FCC_face,0.656809,0.440641
0.03,2.6429,33.3333,5,FCC_face,0.200935,0.108703
0.03,2.6429,33.3333,10,FCC_face,0.370117,0.234154
0.03,2.6429,33.3333,15,FCC_face,0.473731,0.382248
0.03,2.6429,33.3333,20,FCC_face,0.559839,0.550462
0.03,2.6429,36.6667,5,FCC_face,0.263916,0.255168
0.03,2.6429,36.6667,10,FCC_face,0.419472,0.630333
0.03,2.6429,36.6667,15,FCC_face,0.523265,0.397904
0.03,2.6429,36.6667,20,FCC_face,0.610649,0.369504
0.03,2.6429,40.0,5,FCC_face,0.284912,0.515143
0.03,2.6429,40.0,10,FCC_face,0.470437,0.242277
0.03,2.6429,40.0,15,FCC_face,0.578214,0.722888
0.03,2.6429,40.0,20,FCC_face,0.639397,0.525572
0.03,2.8214,36.6667,5,FCC_face,0.241685,0.178504
0.03,2.8214,36.6667,10,FCC_face,0.379112,0.604038
0.03,2.8214,36.6667,15,FCC_face,0.493597,0.566842
0.03,2.8214,36.6667,20,FCC_face,0.573983,0.415003
0.03,2.8214,40.0,5,FCC_face,0.254413,0.47533
0.03,2.8214,40.0,10,FCC_face,0.433338,0.267706
0.03,2.8214,40.0,15,FCC_face,0.541302,0.384189
0.03,2.8214,40.0,20,FCC_face,0.612052,0.889777
0.03,3.0,36.6667,5,FCC_face,0.215246,0.134716
0.03,3.0,36.6667,10,FCC_face,0.353863,0.43214
0.03,3.0,36.6667,15,FCC_face,0.444997,0.694385
0.03,3.0,36.6667,20,FCC_face,0.549168,0.593705
0.03,3.0,40.0,5,FCC_face,0.236809,0.366922
0.03,3.0,40.0,10,FCC_face,0.412305,0.330019
0.03,3.0,40.0,15,FCC_face,0.515072,0.284484
0.03,3.0,40.0,20,FCC_face,0.583877,0.687473
0.040714,0.5,10.0,5,FCC_face,0.528781,0.936148
0.040714,0.5,10.0,10,FCC_face,0.651528,0.391913
0.040714,0.5,10.0,15,FCC_face,0.684697,0.922543
0.040714,0.5,10.0,20,FCC_face,0.724619,0.599697
0.040714,0.5,13.3333,5,FCC_face,0.616876,0.388451
0.040714,0.5,13.3333,10,FCC_face,0.608086,0.753347
0.040714,0.5,13.3333,15,FCC_face,0.651354,0.735199
0.040714,0.5,13.3333,20,FCC_face,0.647042,0.636199
0.040714,0.5,16.6667,5,FCC_face,0.514561,0.542894
0.040714,0.5,16.6667,10,FCC_face,0.551648,0.647301
0.040714,0.5,16.6667,15,FCC_face,0.548205,0.582644
0.040714,0.5,16.6667,20,FCC_face,0.549906,0.565811
0.040714,0.5,20.0,5,FCC_face,0.412987,0.418737
0.040714,0.5,20.0,10,FCC_face,0.421567,0.503278
0.040714,0.5,20.0,15,FCC_face,0.423064,0.485758
0.040714,0.5,20.0,20,FCC_face,0.423254,0.484778
0.040714,0.5,23.3333,5,FCC_face,0.282095,0.416496
0.040714,0.5,23.3333,10,FCC_face,0.279225,0.386535
0.040714,0.5,23.3333,15,FCC_face,0.27897,0.388459
0.040714,0.5,23.3333,20,FCC_face,0.27897,0.388407
0.040714,0.5,26.6667,5,FCC_face,0.18039,0.262434
0.040714,0.5,26.6667,10,FCC_face,0.181156,0.260362
0.040714,0.5,26.6667,15,FCC_face,0.181125,0.260363
0.040714,0.5,26.6667,20,FCC_face,0.181127,0.260363
0.040714,0.5,30.0,5,FCC_face,0.118474,0.127077
0.040714,0.5,30.0,10,FCC_face,0.118444,0.127077
0.040714,0.5,30.0,15,FCC_face,0.118446,0.127077
0.040714,0.5,30.0,20,FCC_face,0.118446,0.127077
0.040714,0.5,33.3333,5,FCC_face,0.078257,0.073397
0.040714,0.5,33.3333,10,FCC_face,0.078261,0.073397
0.040714,0.5,33.3333,15,FCC_face,0.078261,0.073397
0.040714,0.5,33.3333,20,FCC_face,0.078261,0.073397
0.040714,0.5,36.6667,5,FCC_face,0.052834,0.049931
0.040714,0.5,36.6667,10,FCC_face,0.052833,0.049931
0.040714,0.5,36.6667,15,FCC_face,0.052833,0.049931
0.040714,0.5,36.6667,20,FCC_face,0.052833,0.049931
0.040714,0.5,40.0,5,FCC_face,0.037252,0.036655
0.040714,0.5,40.0,10,FCC_face,0.037252,0.036655
0.040714,0.5,40.0,15,FCC_face,0.037252,0.036655
0.040714,0.5,40.0,20,FCC_face,0.037252,0.036655
0.040714,0.6786,10.0,5,FCC_face,0.387338,0.407651
0.040714,0.6786,10.0,10,FCC_face,0.537824,0.41653
0.040714,0.6786,10.0,15,FCC_face,0.568381,0.383506
0.040714,0.6786,10.0,20,FCC_face,0.655004,0.983932
0.040714,0.6786,13.3333,5,FCC_face,0.44857,0.558359
0.040714,0.6786,13.3333,10,FCC_face,0.600189,0.531559
0.040714,0.6786,13.3333,15,FCC_face,0.687737,0.516383
0.040714,0.6786,13.3333,20,FCC_face,0.730571,0.936116
0.040714,0.6786,16.6667,5,FCC_face,0.535154,0.269726
0.040714,0.6786,16.6667,10,FCC_face,0.629029,0.465359
0.040714,0.6786,16.6667,15,FCC_face,0.669936,0.614908
0.040714,0.6786,16.6667,20,FCC_face,0.669728,0.702161
0.040714,0.6786,20.0,5,FCC_face,0.509086,0.759092
0.040714,0.6786,20.0,10,FCC_face,0.588206,0.671378
0.040714,0.6786,20.0,15,FCC_face,0.586766,0.554439
0.040714,0.6786,20.0,20,FCC_face,0.588955,0.607867
0.040714,0.6786,23.3333,5,FCC_face,0.44413,0.384862
0.040714,0.6786,23.3333,10,FCC_face,0.464548,0.59551
0.040714,0.6786,23.3333,15,FCC_face,0.469649,0.552457
0.040714,0.6786,23.3333,20,FCC_face,0.47084,0.5364
0.040714,0.6786,26.6667,5,FCC_face,0.326985,0.570529
0.040714,0.6786,26.6667,10,FCC_face,0.326279,0.45404
0.040714,0.6786,26.6667,15,FCC_face,0.325219,0.454112
0.040714,0.6786,26.6667,20,FCC_face,0.324989,0.457844
0.040714,0.6786,30.0,5,FCC_face,0.220176,0.349329
0.040714,0.6786,30.0,10,FCC_face,0.220429,0.34536
0.040714,0.6786,30.0,15,FCC_face,0.220997,0.344777
0.040714,0.6786,30.0,20,FCC_face,0.220888,0.344725
0.040714,0.6786,33.3333,5,FCC_face,0.148004,0.177401
0.040714,0.6786,33.3333,10,FCC_face,0.149957,0.177348
0.040714,0.6786,33.3333,15,FCC_face,0.150041,0.177348
0.040714,0.6786,33.3333,20,FCC_face,0.150023,0.177348
0.040714,0.6786,36.6667,5,FCC_face,0.102371,0.083965
0.040714,0.6786,36.6667,10,FCC_face,0.101593,0.083964
0.040714,0.6786,36.6667,15,FCC_face,0.101565,0.083964
0.040714,0.6786,36.6667,20,FCC_face,0.101564,0.083964
0.040714,0.6786,40.0,5,FCC_face,0.06831,0.054198
0.040714,0.6786,40.0,10,FCC_face,0.068531,0.054198
0.040714,0.6786,40.0,15,FCC_face,0.068527,0.054198
0.040714,0.6786,40.0,20,FCC_face,0.068527,0.054198
0.040714,0.8571,13.3333,5,FCC_face,0.339512,0.607583
0.040714,0.8571,13.3333,10,FCC_face,0.486261,0.266763
0.040714,0.8571,13.3333,15,FCC_face,0.58522,0.877511
0.040714,0.8571,13.3333,20,FCC_face,0.677905,0.464579
0.040714,0.8571,16.6667,5,FCC_face,0.508126,0.292209
0.040714,0.8571,16.6667,10,FCC_face,0.566688,0.91484
0.040714,0.8571,16.6667,15,FCC_face,0.693692,0.733508
0.040714,0.8571,16.6667,20,FCC_face,0.708702,0.543188
0.040714,0.8571,20.0,5,FCC_face,0.472101,0.260493
0.040714,0.8571,20.0,10,FCC_face,0.629174,0.46718
0.040714,0.8571,20.0,15,FCC_face,0.659572,0.606235
0.040714,0.8571,20.0,20,FCC_face,0.681969,0.683381
0.040714,0.8571,23.3333,5,FCC_face,0.489524,0.97276
0.040714,0.8571,23.3333,10,FCC_face,0.588599,0.470455
0.040714,0.8571,23.3333,15,FCC_face,0.60281,0.648432
0.040714,0.8571,23.3333,20,FCC_face,0.602855,0.666079
0.040714,0.8571,26.6667,5,FCC_face,0.442436,0.321906
0.040714,0.8571,26.6667,10,FCC_face,0.472211,0.545677
0.040714,0.8571,26.6667,15,FCC_face,0.480071,0.618473
0.040714,0.8571,26.6667,20,FCC_face,0.482849,0.58834
0.040714,0.8571,30.0,5,FCC_face,0.339978,0.68176
0.040714,0.8571,30.0,10,FCC_face,0.345122,0.471034
0.040714,0.8571,30.0,15,FCC_face,0.344119,0.487077
0.040714,0.8571,30.0,20,FCC_face,0.343738,0.499968
0.040714,0.8571,33.3333,5,FCC_face,0.239715,0.373596
0.040714,0.8571,33.3333,10,FCC_face,0.240449,0.388558
0.040714,0.8571,33.3333,15,FCC_face,0.242542,0.391509
0.040714,0.8571,33.3333,20,FCC_face,0.24221,0.392152
0.040714,0.8571,36.6667,5,FCC_face,0.164267,0.224164
0.040714,0.8571,36.6667,10,FCC_face,0.170366,0.225869
0.040714,0.8571,36.6667,15,FCC_face,0.170112,0.225934
0.040714,0.8571,36.6667,20,FCC_face,0.170044,0.225935
0.040714,0.8571,40.0,5,FCC_face,0.11969,0.0906
0.040714,0.8571,40.0,10,FCC_face,0.118661,0.0906
0.040714,0.8571,40.0,15,FCC_face,0.118547,0.0906
0.040714,0.8571,40.0,20,FCC_face,0.118535,0.0906
0.040714,1.0357,13.3333,5,FCC_face,0.267023,0.436069
0.040714,1.0357,13.3333,10,FCC_face,0.425265,0.224832
0.040714,1.0357,13.3333,15,FCC_face,0.515116,0.676965
0.040714,1.0357,13.3333,20,FCC_face,0.605791,0.434937
0.040714,1.0357,16.6667,5,FCC_face,0.353723,0.34133
0.040714,1.0357,16.6667,10,FCC_face,0.520966,0.632734
0.040714,1.0357,16.6667,15,FCC_face,0.618584,0.374914
0.040714,1.0357,16.6667,20,FCC_face,0.696645,0.764098
0.040714,1.0357,20.0,5,FCC_face,0.44151,0.200002
0.040714,1.0357,20.0,10,FCC_face,0.595402,0.386894
0.040714,1.0357,20.0,15,FCC_face,0.685316,0.600063
0.040714,1.0357,20.0,20,FCC_face,0.703293,0.803619
0.040714,1.0357,23.3333,5,FCC_face,0.488199,0.414257
0.040714,1.0357,23.3333,10,FCC_face,0.619346,0.967063
0.040714,1.0357,23.3333,15,FCC_face,0.652534,0.781349
0.040714,1.0357,23.3333,20,FCC_face,0.678518,0.625302
0.040714,1.0357,26.6667,5,FCC_face,0.48858,0.63328
0.040714,1.0357,26.6667,10,FCC_face,0.570632,0.481998
0.040714,1.0357,26.6667,15,FCC_face,0.602144,0.689151
0.040714,1.0357,26.6667,20,FCC_face,0.60504,0.620935
0.040714,1.0357,30.0,5,FCC_face,0.4239,0.302449
0.040714,1.0357,30.0,10,FCC_face,0.460587,0.445735
0.040714,1.0357,30.0,15,FCC_face,0.469936,0.533567
0.040714,1.0357,30.0,20,FCC_face,0.473101,0.579507
0.040714,1.0357,33.3333,5,FCC_face,0.335312,0.652511
0.040714,1.0357,33.3333,10,FCC_face,0.345417,0.442419
0.040714,1.0357,33.3333,15,FCC_face,0.3452,0.537901
0.040714,1.0357,33.3333,20,FCC_face,0.345418,0.516904
0.040714,1.0357,36.6667,5,FCC_face,0.242784,0.41102
0.040714,1.0357,36.6667,10,FCC_face,0.247523,0.419307
0.040714,1.0357,36.6667,15,FCC_face,0.251362,0.418056
0.040714,1.0357,36.6667,20,FCC_face,0.250672,0.417737
0.040714,1.0357,40.0,5,FCC_face,0.170942,0.247469
0.040714,1.0357,40.0,10,FCC_face,0.181544,0.252783
0.040714,1.0357,40.0,15,FCC_face,0.18087,0.2533
0.040714,1.0357,40.0,20,FCC_face,0.180829,0.253322
0.040714,1.2143,16.6667,5,FCC_face,0.256599,0.364543
0.040714,1.2143,16.6667,10,FCC_face,0.416226,0.293498
0.040714,1.2143,16.6667,15,FCC_face,0.553179,0.406801
0.040714,1.2143,16.6667,20,FCC_face,0.645308,0.831851
0.040714,1.2143,20.0,5,FCC_face,0.403241,0.201908
0.040714,1.2143,20.0,10,FCC_face,0.501963,0.604135
0.040714,1.2143,20.0,15,FCC_face,0.640755,0.961977
0.040714,1.2143,20.0,20,FCC_face,0.689739,0.636782
0.040714,1.2143,23.3333,5,FCC_face,0.395412,0.203349
0.040714,1.2143,23.3333,10,FCC_face,0.595109,0.391166
0.040714,1.2143,23.3333,15,FCC_face,0.660606,0.553006
0.040714,1.2143,23.3333,20,FCC_face,0.707603,0.677508
0.040714,1.2143,26.6667,5,FCC_face,0.448746,0.88669
0.040714,1.2143,26.6667,10,FCC_face,0.611316,0.526182
0.040714,1.2143,26.6667,15,FCC_face,0.648864,0.497047
0.040714,1.2143,26.6667,20,FCC_face,0.663828,0.833078
0.040714,1.2143,30.0,5,FCC_face,0.466974,0.351977
0.040714,1.2143,30.0,10,FCC_face,0.546672,0.892645
0.040714,1.2143,30.0,15,FCC_face,0.580446,0.527521
0.040714,1.2143,30.0,20,FCC_face,0.592448,0.647474
0.040714,1.2143,33.3333,5,FCC_face,0.398183,0.386159
0.040714,1.2143,33.3333,10,FCC_face,0.439638,0.566433
0.040714,1.2143,33.3333,15,FCC_face,0.450447,0.617168
0.040714,1.2143,33.3333,20,FCC_face,0.453701,0.622705
0.040714,1.2143,36.6667,5,FCC_face,0.32117,0.464995
0.040714,1.2143,36.6667,10,FCC_face,0.333049,0.500773
0.040714,1.2143,36.6667,15,FCC_face,0.335155,0.532108
0.040714,1.2143,36.6667,20,FCC_face,0.337329,0.525904
0.040714,1.2143,40.0,5,FCC_face,0.234678,0.514644
0.040714,1.2143,40.0,10,FCC_face,0.246634,0.462199
0.040714,1.2143,40.0,15,FCC_face,0.251534,0.436128
0.040714,1.2143,40.0,20,FCC_face,0.250411,0.429301
0.040714,1.3929,20.0,5,FCC_face,0.331712,0.213568
0.040714,1.3929,20.0,10,FCC_face,0.435359,0.776012
0.040714,1.3929,20.0,15,FCC_face,0.579593,0.452894
0.040714,1.3929,20.0,20,FCC_face,0.647197,0.411298
0.040714,1.3929,23.3333,5,FCC_face,0.35181,0.159117
0.040714,1.3929,23.3333,10,FCC_face,0.528878,0.290174
0.040714,1.3929,23.3333,15,FCC_face,0.638559,0.413324
0.040714,1.3929,23.3333,20,FCC_face,0.690513,0.536061
0.040714,1.3929,26.6667,5,FCC_face,0.431431,0.357125
0.040714,1.3929,26.6667,10,FCC_face,0.586046,0.988014
0.040714,1.3929,26.6667,15,FCC_face,0.651722,0.747841
0.040714,1.3929,26.6667,20,FCC_face,0.695811,0.570045
0.040714,1.3929,30.0,5,FCC_face,0.460587,0.702779
0.040714,1.3929,30.0,10,FCC_face,0.585455,0.374437
0.040714,1.3929,30.0,15,FCC_face,0.639004,0.912242
0.040714,1.3929,30.0,20,FCC_face,0.653027,0.548223
0.040714,1.3929,33.3333,5,FCC_face,0.439238,0.248864
0.040714,1.3929,33.3333,10,FCC_face,0.513017,0.547728
0.040714,1.3929,33.3333,15,FCC_face,0.541115,0.815164
0.040714,1.3929,33.3333,20,FCC_face,0.554552,0.713967
0.040714,1.3929,36.6667,5,FCC_face,0.370375,0.721778
0.040714,1.3929,36.6667,10,FCC_face,0.414165,0.781339
0.040714,1.3929,36.6667,15,FCC_face,0.425784,0.602572
0.040714,1.3929,36.6667,20,FCC_face,0.429015,0.559618
0.040714,1.3929,40.0,5,FCC_face,0.301573,0.318143
0.040714,1.3929,40.0,10,FCC_face,0.313092,0.651116
0.040714,1.3929,40.0,15,FCC_face,0.320556,0.499018
0.040714,1.3929,40.0,20,FCC_face,0.324823,0.526806
0.040714,1.5714,20.0,5,FCC_face,0.248562,0.221987
0.040714,1.5714,20.0,10,FCC_face,0.39067,0.53019
0.040714,1.5714,20.0,15,FCC_face,0.492072,0.287383
0.040714,1.5714,20.0,20,FCC_face,0.599147,0.525761
0.040714,1.5714,23.3333,5,FCC_face,0.323299,0.148524
0.040714,1.5714,23.3333,10,FCC_face,0.483933,0.334489
0.040714,1.5714,23.3333,15,FCC_face,0.593986,0.644309
0.040714,1.5714,23.3333,20,FCC_face,0.644361,0.961921
0.040714,1.5714,26.6667,5,FCC_face,0.359615,0.193278
0.040714,1.5714,26.6667,10,FCC_face,0.558481,0.457043
0.040714,1.5714,26.6667,15,FCC_face,0.625025,0.761631
0.040714,1.5714,26.6667,20,FCC_face,0.693046,0.961313
0.040714,1.5714,30.0,5,FCC_face,0.399028,0.81692
0.040714,1.5714,30.0,10,FCC_face,0.583836,0.440843
0.040714,1.5714,30.0,15,FCC_face,0.647456,0.468711
0.040714,1.5714,30.0,20,FCC_face,0.677074,0.946339
0.040714,1.5714,33.3333,5,FCC_face,0.441285,0.338173
0.040714,1.5714,33.3333,10,FCC_face,0.555587,0.834432
0.040714,1.5714,33.3333,15,FCC_face,0.612393,0.46561
0.040714,1.5714,33.3333,20,FCC_face,0.634976,0.795502
0.040714,1.5714,36.6667,5,FCC_face,0.403224,0.25813
0.040714,1.5714,36.6667,10,FCC_face,0.474177,0.397142
0.040714,1.5714,36.6667,15,FCC_face,0.500082,0.488511
0.040714,1.5714,36.6667,20,FCC_face,0.511087,0.555
0.040714,1.5714,40.0,5,FCC_face,0.342604,0.898917
0.040714,1.5714,40.0,10,FCC_face,0.38522,0.441528
0.040714,1.5714,40.0,15,FCC_face,0.395372,0.552966
0.040714,1.5714,40.0,20,FCC_face,0.398475,0.662734
0.040714,1.75,23.3333,5,FCC_face,0.289032,0.146924
0.040714,1.75,23.3333,10,FCC_face,0.400101,0.435406
0.040714,1.75,23.3333,15,FCC_face,0.534175,0.83997
0.040714,1.75,23.3333,20,FCC_face,0.611497,0.59921
0.040714,1.75,26.6667,5,FCC_face,0.293295,0.14243
0.040714,1.75,26.6667,10,FCC_face,0.480421,0.265019
0.040714,1.75,26.6667,15,FCC_face,0.590567,0.36905
0.040714,1.75,26.6667,20,FCC_face,0.668781,0.456224
0.040714,1.75,30.0,5,FCC_face,0.377862,0.406556
0.040714,1.75,30.0,10,FCC_face,0.557045,0.831896
0.040714,1.75,30.0,15,FCC_face,0.625971,0.493441
0.040714,1.75,30.0,20,FCC_face,0.686858,0.476743
0.040714,1.75,33.3333,5,FCC_face,0.426343,0.574805
0.040714,1.75,33.3333,10,FCC_face,0.563713,0.345642
0.040714,1.75,33.3333,15,FCC_face,0.639072,0.881728
0.040714,1.75,33.3333,20,FCC_face,0.666208,0.524757
0.040714,1.75,36.6667,5,FCC_face,0.422525,0.220708
0.040714,1.75,36.6667,10,FCC_face,0.520639,0.585123
0.040714,1.75,36.6667,15,FCC_face,0.564797,0.930654
0.040714,1.75,36.6667,20,FCC_face,0.588827,0.675783
0.040714,1.75,40.0,5,FCC_face,0.369228,0.46446
0.040714,1.75,40.0,10,FCC_face,0.437258,0.83542
0.040714,1.75,40.0,15,FCC_face,0.462274,0.834812
0.040714,1.75,40.0,20,FCC_face,0.472565,0.732996
0.040714,1.9286,23.3333,5,FCC_face,0.24998,0.147271
0.040714,1.9286,23.3333,10,FCC_face,0.340055,0.527016
0.040714,1.9286,23.3333,15,FCC_face,0.490519,0.527308
0.040714,1.9286,23.3333,20,FCC_face,0.547921,0.350894
0.040714,1.9286,26.6667,5,FCC_face,0.265193,0.122733
0.040714,1.9286,26.6667,10,FCC_face,0.432385,0.228538
0.040714,1.9286,26.6667,15,FCC_face,0.553621,0.332139
0.040714,1.9286,26.6667,20,FCC_face,0.62719,0.44191
0.040714,1.9286,30.0,5,FCC_face,0.344124,0.221614
0.040714,1.9286,30.0,10,FCC_face,0.507029,0.721707
0.040714,1.9286,30.0,15,FCC_face,0.596826,0.914752
0.040714,1.9286,30.0,20,FCC_face,0.676757,0.686408
0.040714,1.9286,33.3333,5,FCC_face,0.35866,0.759746
0.040714,1.9286,33.3333,10,FCC_face,0.546552,0.324775
0.040714,1.9286,33.3333,15,FCC_face,0.630606,0.594026
0.040714,1.9286,33.3333,20,FCC_face,0.670566,0.810138
0.040714,1.9286,36.6667,5,FCC_face,0.410207,0.278304
0.040714,1.9286,36.6667,10,FCC_face,0.540562,0.922708
0.040714,1.9286,36.6667,15,FCC_face,0.610582,0.43882
0.040714,1.9286,36.6667,20,FCC_face,0.645411,0.711644
0.040714,1.9286,40.0,5,FCC_face,0.386483,0.221426
0.040714,1.9286,40.0,10,FCC_face,0.476582,0.353495
0.040714,1.9286,40.0,15,FCC_face,0.515278,0.456466
0.040714,1.9286,40.0,20,FCC_face,0.534141,0.546392
0.040714,2.1071,26.6667,5,FCC_face,0.242757,0.113875
0.040714,2.1071,26.6667,10,FCC_face,0.396674,0.237697
0.040714,2.1071,26.6667,15,FCC_face,0.518067,0.417643
0.040714,2.1071,26.6667,20,FCC_face,0.578783,0.679775
0.040714,2.1071,30.0,5,FCC_face,0.281491,0.150736
0.040714,2.1071,30.0,10,FCC_face,0.474254,0.365457
0.040714,2.1071,30.0,15,FCC_face,0.559202,0.651237
0.040714,2.1071,30.0,20,FCC_face,0.641528,0.907409
0.040714,2.1071,33.3333,5,FCC_face,0.330998,0.530781
0.040714,2.1071,33.3333,10,FCC_face,0.527742,0.480092
0.040714,2.1071,33.3333,15,FCC_face,0.611513,0.361405
0.040714,2.1071,33.3333,20,FCC_face,0.662361,0.694585
0.040714,2.1071,36.6667,5,FCC_face,0.392885,0.406377
0.040714,2.1071,36.6667,10,FCC_face,0.533303,0.386991
0.040714,2.1071,36.6667,15,FCC_face,0.62576,0.590105
0.040714,2.1071,36.6667,20,FCC_face,0.662763,0.671768
0.040714,2.1071,40.0,5,FCC_face,0.395433,0.19174
0.040714,2.1071,40.0,10,FCC_face,0.506512,0.474333
0.040714,2.1071,40.0,15,FCC_face,0.560959,0.933475
0.040714,2.1071,40.0,20,FCC_face,0.592208,0.806244
0.040714,2.2857,30.0,5,FCC_face,0.233602,0.118894
0.040714,2.2857,30.0,10,FCC_face,0.411805,0.23528
0.040714,2.2857,30.0,15,FCC_face,0.525802,0.349215
0.040714,2.2857,30.0,20,FCC_face,0.613097,0.45952
0.040714,2.2857,33.3333,5,FCC_face,0.310293,0.305485
0.040714,2.2857,33.3333,10,FCC_face,0.478525,0.742004
0.040714,2.2857,33.3333,15,FCC_face,0.572416,0.447846
0.040714,2.2857,33.3333,20,FCC_face,0.651836,0.409168
0.040714,2.2857,36.6667,5,FCC_face,0.35102,0.572952
0.040714,2.2857,36.6667,10,FCC_face,0.524683,0.268748
0.040714,2.2857,36.6667,15,FCC_face,0.614573,0.966495
0.040714,2.2857,36.6667,20,FCC_face,0.659024,0.471711
0.040714,2.2857,40.0,5,FCC_face,0.388292,0.21695
0.040714,2.2857,40.0,10,FCC_face,0.519857,0.949389
0.040714,2.2857,40.0,15,FCC_face,0.59345,0.518744
0.040714,2.2857,40.0,20,FCC_face,0.63804,0.505259
0.040714,2.4643,30.0,5,FCC_face,0.209069,0.102446
0.040714,2.4643,30.0,10,FCC_face,0.360642,0.190527
0.040714,2.4643,30.0,15,FCC_face,0.473385,0.267603
0.040714,2.4643,30.0,20,FCC_face,0.559068,0.336157
0.040714,2.4643,33.3333,5,FCC_face,0.283647,0.194809
0.040714,2.4643,33.3333,10,FCC_face,0.433474,0.674551
0.040714,2.4643,33.3333,15,FCC_face,0.541592,0.727941
0.040714,2.4643,33.3333,20,FCC_face,0.623463,0.519488
0.040714,2.4643,36.6667,5,FCC_face,0.297046,0.601917
0.040714,2.4643,36.6667,10,FCC_face,0.483985,0.286906
0.040714,2.4643,36.6667,15,FCC_face,0.584506,0.471093
0.040714,2.4643,36.6667,20,FCC_face,0.64317,0.866525
0.040714,2.4643,40.0,5,FCC_face,0.358906,0.276603
0.040714,2.4643,40.0,10,FCC_face,0.512332,0.588543
0.040714,2.4643,40.0,15,FCC_face,0.603347,0.384605
0.040714,2.4643,40.0,20,FCC_face,0.651802,0.990115
0.040714,2.6429,33.3333,5,FCC_face,0.24558,0.140575
0.040714,2.6429,33.3333,10,FCC_face,0.406316,0.408601
0.040714,2.6429,33.3333,15,FCC_face,0.492398,0.764595
0.040714,2.6429,33.3333,20,FCC_face,0.593688,0.838016
0.040714,2.6429,36.6667,5,FCC_face,0.275762,0.447775
0.040714,2.6429,36.6667,10,FCC_face,0.46373,0.379887
0.040714,2.6429,36.6667,15,FCC_face,0.562155,0.31489
0.040714,2.6429,36.6667,20,FCC_face,0.624611,0.727876
0.040714,2.6429,40.0,5,FCC_face,0.341639,0.366295
0.040714,2.6429,40.0,10,FCC_face,0.486078,0.303858
0.040714,2.6429,40.0,15,FCC_face,0.595315,0.616891
0.040714,2.6429,40.0,20,FCC_face,0.646816,0.532471
0.040714,2.8214,36.6667,5,FCC_face,0.258604,0.29699
0.040714,2.8214,36.6667,10,FCC_face,0.429886,0.531126
0.040714,2.8214,36.6667,15,FCC_face,0.516277,0.32766
0.040714,2.8214,36.6667,20,FCC_face,0.602742,0.393607
0.040714,2.8214,40.0,5,FCC_face,0.301385,0.459022
0.040714,2.8214,40.0,10,FCC_face,0.472918,0.232684
0.040714,2.8214,40.0,15,FCC_face,0.572743,0.916592
0.040714,2.8214,40.0,20,FCC_face,0.62989,0.410513
0.040714,3.0,36.6667,5,FCC_face,0.240539,0.203998
0.040714,3.0,36.6667,10,FCC_face,0.378877,0.622078
0.040714,3.0,36.6667,15,FCC_face,0.491591,0.435733
0.040714,3.0,36.6667,20,FCC_face,0.571477,0.350146
0.040714,3.0,40.0,5,FCC_face,0.254529,0.486753
0.040714,3.0,40.0,10,FCC_face,0.430719,0.231179
0.040714,3.0,40.0,15,FCC_face,0.539608,0.531776
0.040714,3.0,40.0,20,FCC_face,0.607906,0.623875
0.051429,0.5,10.0,5,FCC_face,0.528077,0.933428
0.051429,0.5,10.0,10,FCC_face,0.621615,0.389228
0.051429,0.5,10.0,15,FCC_face,0.662469,0.900535
0.051429,0.5,10.0,20,FCC_face,0.702191,0.578048
0.051429,0.5,13.3333,5,FCC_face,0.579496,0.339289
0.051429,0.5,13.3333,10,FCC_face,0.595565,0.576061
0.051429,0.5,13.3333,15,FCC_face,0.614973,0.671652
0.051429,0.5,13.3333,20,FCC_face,0.61165,0.65698
0.051429,0.5,16.6667,5,FCC_face,0.473758,0.685641
0.051429,0.5,16.6667,10,FCC_face,0.507176,0.538597
0.051429,0.5,16.6667,15,FCC_face,0.505014,0.517726
0.051429,0.5,16.6667,20,FCC_face,0.504851,0.53467
0.051429,0.5,20.0,5,FCC_face,0.357976,0.371601
0.051429,0.5,20.0,10,FCC_face,0.360656,0.431354
0.051429,0.5,20.0,15,FCC_face,0.361031,0.439905
0.051429,0.5,20.0,20,FCC_face,0.361116,0.440626
0.051429,0.5,23.3333,5,FCC_face,0.230399,0.321922
0.051429,0.5,23.3333,10,FCC_face,0.228278,0.33257
0.051429,0.5,23.3333,15,FCC_face,0.228382,0.332119
0.051429,0.5,23.3333,20,FCC_face,0.228392,0.332122
0.051429,0.5,26.6667,5,FCC_face,0.143856,0.186495
0.051429,0.5,26.6667,10,FCC_face,0.144573,0.18665
0.051429,0.5,26.6667,15,FCC_face,0.144566,0.186649
0.051429,0.5,26.6667,20,FCC_face,0.144565,0.186649
0.051429,0.5,30.0,5,FCC_face,0.092548,0.090457
0.051429,0.5,30.0,10,FCC_face,0.092416,0.090457
0.051429,0.5,30.0,15,FCC_face,0.092415,0.090457
0.051429,0.5,30.0,20,FCC_face,0.092415,0.090457
0.051429,0.5,33.3333,5,FCC_face,0.060065,0.056214
0.051429,0.5,33.3333,10,FCC_face,0.060076,0.056214
0.051429,0.5,33.3333,15,FCC_face,0.060076,0.056214
0.051429,0.5,33.3333,20,FCC_face,0.060076,0.056214
0.051429,0.5,36.6667,5,FCC_face,0.040551,0.03933
0.051429,0.5,36.6667,10,FCC_face,0.040551,0.03933
0.051429,0.5,36.6667,15,FCC_face,0.040551,0.03933
0.051429,0.5,36.6667,20,FCC_face,0.040551,0.03933
0.051429,0.5,40.0,5,FCC_face,0.02904,0.029232
0.051429,0.5,40.0,10,FCC_face,0.02904,0.029232
0.051429,0.5,40.0,15,FCC_face,0.02904,0.029232
0.051429,0.5,40.0,20,FCC_face,0.02904,0.029232
0.051429,0.6786,10.0,5,FCC_face,0.410089,0.529536
0.051429,0.6786,10.0,10,FCC_face,0.579234,0.377679
0.051429,0.6786,10.0,15,FCC_face,0.595469,0.467251
0.051429,0.6786,10.0,20,FCC_face,0.658643,0.875354
0.051429,0.6786,13.3333,5,FCC_face,0.492267,0.469969
0.051429,0.6786,13.3333,10,FCC_face,0.611373,0.762039
0.051429,0.6786,13.3333,15,FCC_face,0.673605,0.475981
0.051429,0.6786,13.3333,20,FCC_face,0.710329,0.771806
0.051429,0.6786,16.6667,5,FCC_face,0.503113,0.271945
0.051429,0.6786,16.6667,10,FCC_face,0.605896,0.436068
0.051429,0.6786,16.6667,15,FCC_face,0.630719,0.530865
0.051429,0.6786,16.6667,20,FCC_face,0.638998,0.585093
0.051429,0.6786,20.0,5,FCC_face,0.480623,0.864456
0.051429,0.6786,20.0,10,FCC_face,0.540649,0.48069
0.051429,0.6786,20.0,15,FCC_face,0.544607,0.591278
0.051429,0.6786,20.0,20,FCC_face,0.543155,0.585657
0.051429,0.6786,23.3333,5,FCC_face,0.390353,0.350199
0.051429,0.6786,23.3333,10,FCC_face,0.40007,0.455383
0.051429,0.6786,23.3333,15,FCC_face,0.401666,0.489547
0.051429,0.6786,23.3333,20,FCC_face,0.402132,0.497364
0.051429,0.6786,26.6667,5,FCC_face,0.271993,0.382834
0.051429,0.6786,26.6667,10,FCC_face,0.267439,0.405177
0.051429,0.6786,26.6667,15,FCC_face,0.267415,0.399951
0.051429,0.6786,26.6667,20,FCC_face,0.267607,0.400931
0.051429,0.6786,30.0,5,FCC_face,0.174187,0.262086
0.051429,0.6786,30.0,10,FCC_face,0.177598,0.261689
0.051429,0.6786,30.0,15,FCC_face,0.177282,0.26173
0.051429,0.6786,30.0,20,FCC_face,0.177329,0.261729
0.051429,0.6786,33.3333,5,FCC_face,0.117525,0.108655
0.051429,0.6786,33.3333,10,FCC_face,0.11728,0.108645
0.051429,0.6786,33.3333,15,FCC_face,0.117295,0.108645
0.051429,0.6786,33.3333,20,FCC_face,0.117298,0.108645
0.051429,0.6786,36.6667,5,FCC_face,0.077251,0.061168
0.051429,0.6786,36.6667,10,FCC_face,0.077281,0.061168
0.051429,0.6786,36.6667,15,FCC_face,0.077288,0.061168
0.051429,0.6786,36.6667,20,FCC_face,0.077288,0.061168
0.051429,0.6786,40.0,5,FCC_face,0.051017,0.041899
0.051429,0.6786,40.0,10,FCC_face,0.050996,0.041899
0.051429,0.6786,40.0,15,FCC_face,0.050996,0.041899
0.051429,0.6786,40.0,20,FCC_face,0.050996,0.041899
0.051429,0.8571,13.3333,5,FCC_face,0.353532,0.590027
0.051429,0.8571,13.3333,10,FCC_face,0.492555,0.298205
0.051429,0.8571,13.3333,15,FCC_face,0.605683,0.68924
0.051429,0.8571,13.3333,20,FCC_face,0.699254,0.592842
0.051429,0.8571,16.6667,5,FCC_face,0.516056,0.255186
0.051429,0.8571,16.6667,10,FCC_face,0.583959,0.659091
0.051429,0.8571,16.6667,15,FCC_face,0.679545,0.962
0.051429,0.8571,16.6667,20,FCC_face,0.696208,0.732883
0.051429,0.8571,20.0,5,FCC_face,0.50142,0.346557
0.051429,0.8571,20.0,10,FCC_face,0.61737,0.739274
0.051429,0.8571,20.0,15,FCC_face,0.628,0.829037
0.051429,0.8571,20.0,20,FCC_face,0.650458,0.742529
0.051429,0.8571,23.3333,5,FCC_face,0.481277,0.646615
0.051429,0.8571,23.3333,10,FCC_face,0.539623,0.489566
0.051429,0.8571,23.3333,15,FCC_face,0.556978,0.633674
0.051429,0.8571,23.3333,20,FCC_face,0.556685,0.586594
0.051429,0.8571,26.6667,5,FCC_face,0.39069,0.363384
0.051429,0.8571,26.6667,10,FCC_face,0.407736,0.473243
0.051429,0.8571,26.6667,15,FCC_face,0.410497,0.508443
0.051429,0.8571,26.6667,20,FCC_face,0.411122,0.521345
0.051429,0.8571,30.0,5,FCC_face,0.286432,0.381452
0.051429,0.8571,30.0,10,FCC_face,0.282888,0.457647
0.051429,0.8571,30.0,15,FCC_face,0.28332,0.432958
0.051429,0.8571,30.0,20,FCC_face,0.283967,0.439482
0.051429,0.8571,33.3333,5,FCC_face,0.188645,0.317781
0.051429,0.8571,33.3333,10,FCC_face,0.19574,0.305429
0.051429,0.8571,33.3333,15,FCC_face,0.195156,0.307213
0.051429,0.8571,33.3333,20,FCC_face,0.19533,0.307091
0.051429,0.8571,36.6667,5,FCC_face,0.132178,0.122023
0.051429,0.8571,36.6667,10,FCC_face,0.133145,0.121941
0.051429,0.8571,36.6667,15,FCC_face,0.133487,0.121941
0.051429,0.8571,36.6667,20,FCC_face,0.133528,0.121941
0.051429,0.8571,40.0,5,FCC_face,0.091365,0.062644
0.051429,0.8571,40.0,10,FCC_face,0.090284,0.062644
0.051429,0.8571,40.0,15,FCC_face,0.09032,0.062644
0.051429,0.8571,40.0,20,FCC_face,0.090331,0.062644
0.051429,1.0357,13.3333,5,FCC_face,0.28159,0.501698
0.051429,1.0357,13.3333,10,FCC_face,0.433977,0.221823
0.051429,1.0357,13.3333,15,FCC_face,0.528286,0.857566
0.051429,1.0357,13.3333,20,FCC_face,0.624702,0.393485
0.051429,1.0357,16.6667,5,FCC_face,0.412452,0.298206
0.051429,1.0357,16.6667,10,FCC_face,0.526165,0.89656
0.051429,1.0357,16.6667,15,FCC_face,0.632033,0.432804
0.051429,1.0357,16.6667,20,FCC_face,0.70808,0.539231
0.051429,1.0357,20.0,5,FCC_face,0.429047,0.199047
0.051429,1.0357,20.0,10,FCC_face,0.588834,0.344857
0.051429,1.0357,20.0,15,FCC_face,0.661267,0.457136
0.051429,1.0357,20.0,20,FCC_face,0.690698,0.545576
0.051429,1.0357,23.3333,5,FCC_face,0.472779,0.741623
0.051429,1.0357,23.3333,10,FCC_face,0.612756,0.699955
0.051429,1.0357,23.3333,15,FCC_face,0.6288,0.504592
0.051429,1.0357,23.3333,20,FCC_face,0.640393,0.635853
0.051429,1.0357,26.6667,5,FCC_face,0.463626,0.375063
0.051429,1.0357,26.6667,10,FCC_face,0.522338,0.803414
0.051429,1.0357,26.6667,15,FCC_face,0.544781,0.526868
0.051429,1.0357,26.6667,20,FCC_face,0.551152,0.613896
0.051429,1.0357,30.0,5,FCC_face,0.375682,0.501378
0.051429,1.0357,30.0,10,FCC_face,0.398659,0.629779
0.051429,1.0357,30.0,15,FCC_face,0.402534,0.593975
0.051429,1.0357,30.0,20,FCC_face,0.403102,0.562668
0.051429,1.0357,33.3333,5,FCC_face,0.28373,0.327792
0.051429,1.0357,33.3333,10,FCC_face,0.28232,0.499422
0.051429,1.0357,33.3333,15,FCC_face,0.285073,0.455419
0.051429,1.0357,33.3333,20,FCC_face,0.286473,0.455223
0.051429,1.0357,36.6667,5,FCC_face,0.191247,0.330909
0.051429,1.0357,36.6667,10,FCC_face,0.203299,0.324594
0.051429,1.0357,36.6667,15,FCC_face,0.202332,0.328314
0.051429,1.0357,36.6667,20,FCC_face,0.202849,0.327719
0.051429,1.0357,40.0,5,FCC_face,0.139075,0.125199
0.051429,1.0357,40.0,10,FCC_face,0.141525,0.125069
0.051429,1.0357,40.0,15,FCC_face,0.142423,0.125069
0.051429,1.0357,40.0,20,FCC_face,0.142506,0.125069
0.051429,1.2143,16.6667,5,FCC_face,0.282821,0.336798
0.051429,1.2143,16.6667,10,FCC_face,0.461721,0.407264
0.051429,1.2143,16.6667,15,FCC_face,0.575392,0.349485
0.051429,1.2143,16.6667,20,FCC_face,0.65234,0.951224
0.051429,1.2143,20.0,5,FCC_face,0.408803,0.184761
0.051429,1.2143,20.0,10,FCC_face,0.55125,0.432355
0.051429,1.2143,20.0,15,FCC_face,0.646146,0.821701
0.051429,1.2143,20.0,20,FCC_face,0.682843,0.985836
0.051429,1.2143,23.3333,5,FCC_face,0.444475,0.266317
0.051429,1.2143,23.3333,10,FCC_face,0.604845,0.673788
0.051429,1.2143,23.3333,15,FCC_face,0.642185,0.946139
0.051429,1.2143,23.3333,20,FCC_face,0.692438,0.889149
0.051429,1.2143,26.6667,5,FCC_face,0.463114,0.874566
0.051429,1.2143,26.6667,10,FCC_face,0.587114,0.382032
0.051429,1.2143,26.6667,15,FCC_face,0.623547,0.834356
0.051429,1.2143,26.6667,20,FCC_face,0.629712,0.594154
0.051429,1.2143,30.0,5,FCC_face,0.436705,0.264023
0.051429,1.2143,30.0,10,FCC_face,0.492621,0.542173
0.051429,1.2143,30.0,15,FCC_face,0.511699,0.733826
0.051429,1.2143,30.0,20,FCC_face,0.520134,0.66128
0.051429,1.2143,33.3333,5,FCC_face,0.353906,0.836983
0.051429,1.2143,33.3333,10,FCC_face,0.380243,0.584062
0.051429,1.2143,33.3333,15,FCC_face,0.384524,0.500653
0.051429,1.2143,33.3333,20,FCC_face,0.38494,0.537894
0.051429,1.2143,36.6667,5,FCC_face,0.270341,0.295224
0.051429,1.2143,36.6667,10,FCC_face,0.272754,0.433924
0.051429,1.2143,36.6667,15,FCC_face,0.279133,0.478698
0.051429,1.2143,36.6667,20,FCC_face,0.280642,0.469178
0.051429,1.2143,40.0,5,FCC_face,0.186506,0.29217
0.051429,1.2143,40.0,10,FCC_face,0.203835,0.336058
0.051429,1.2143,40.0,15,FCC_face,0.202113,0.328644
0.051429,1.2143,40.0,20,FCC_face,0.203297,0.32981
0.051429,1.3929,20.0,5,FCC_face,0.361796,0.193085
0.051429,1.3929,20.0,10,FCC_face,0.449957,0.68028
0.051429,1.3929,20.0,15,FCC_face,0.608493,0.743383
0.051429,1.3929,20.0,20,FCC_face,0.651479,0.462317
0.051429,1.3929,23.3333,5,FCC_face,0.355,0.16887
0.051429,1.3929,23.3333,10,FCC_face,0.543343,0.306299
0.051429,1.3929,23.3333,15,FCC_face,0.6345,0.415595
0.051429,1.3929,23.3333,20,FCC_face,0.692928,0.501
0.051429,1.3929,26.6667,5,FCC_face,0.426856,0.64938
0.051429,1.3929,26.6667,10,FCC_face,0.602682,0.676118
0.051429,1.3929,26.6667,15,FCC_face,0.642585,0.454681
0.051429,1.3929,26.6667,20,FCC_face,0.669241,0.624279
0.051429,1.3929,30.0,5,FCC_face,0.452642,0.403572
0.051429,1.3929,30.0,10,FCC_face,0.55342,0.671987
0.051429,1.3929,30.0,15,FCC_face,0.600764,0.495181
0.051429,1.3929,30.0,20,FCC_face,0.614639,0.813672
0.051429,1.3929,33.3333,5,FCC_face,0.40161,0.27731
0.051429,1.3929,33.3333,10,FCC_face,0.456724,0.415689
0.051429,1.3929,33.3333,15,FCC_face,0.474315,0.496407
0.051429,1.3929,33.3333,20,FCC_face,0.481008,0.548302
0.051429,1.3929,36.6667,5,FCC_face,0.329374,0.676459
0.051429,1.3929,36.6667,10,FCC_face,0.354829,0.41201
0.051429,1.3929,36.6667,15,FCC_face,0.358434,0.609383
0.051429,1.3929,36.6667,20,FCC_face,0.360176,0.543262
0.051429,1.3929,40.0,5,FCC_face,0.249717,0.360484
0.051429,1.3929,40.0,10,FCC_face,0.260068,0.418501
0.051429,1.3929,40.0,15,FCC_face,0.269008,0.442279
0.051429,1.3929,40.0,20,FCC_face,0.268879,0.453876
0.051429,1.5714,20.0,5,FCC_face,0.29041,0.204131
0.051429,1.5714,20.0,10,FCC_face,0.403558,0.704662
0.051429,1.5714,20.0,15,FCC_face,0.527154,0.356352
0.051429,1.5714,20.0,20,FCC_face,0.620433,0.40375
0.051429,1.5714,23.3333,5,FCC_face,0.326739,0.144576
0.051429,1.5714,23.3333,10,FCC_face,0.499247,0.27708
0.051429,1.5714,23.3333,15,FCC_face,0.617422,0.427226
0.051429,1.5714,23.3333,20,FCC_face,0.669852,0.606478
0.051429,1.5714,26.6667,5,FCC_face,0.402911,0.276228
0.051429,1.5714,26.6667,10,FCC_face,0.560291,0.8651
0.051429,1.5714,26.6667,15,FCC_face,0.633121,0.909134
0.051429,1.5714,26.6667,20,FCC_face,0.690227,0.665451
0.051429,1.5714,30.0,5,FCC_face,0.42907,0.782982
0.051429,1.5714,30.0,10,FCC_face,0.578847,0.335075
0.051429,1.5714,30.0,15,FCC_face,0.636483,0.925004
0.051429,1.5714,30.0,20,FCC_face,0.654457,0.55896
0.051429,1.5714,33.3333,5,FCC_face,0.431781,0.239574
0.051429,1.5714,33.3333,10,FCC_face,0.517355,0.679492
0.051429,1.5714,33.3333,15,FCC_face,0.554032,0.835685
0.051429,1.5714,33.3333,20,FCC_face,0.573215,0.590837
0.051429,1.5714,36.6667,5,FCC_face,0.367666,0.527071
0.051429,1.5714,36.6667,10,FCC_face,0.42141,0.83219
0.051429,1.5714,36.6667,15,FCC_face,0.4385,0.740993
0.051429,1.5714,36.6667,20,FCC_face,0.444546,0.642181
0.051429,1.5714,40.0,5,FCC_face,0.303428,0.349386
0.051429,1.5714,40.0,10,FCC_face,0.323131,0.634238
0.051429,1.5714,40.0,15,FCC_face,0.330834,0.480864
0.051429,1.5714,40.0,20,FCC_face,0.336263,0.582535
0.051429,1.75,23.3333,5,FCC_face,0.300395,0.138728
0.051429,1.75,23.3333,10,FCC_face,0.450597,0.334072
0.051429,1.75,23.3333,15,FCC_face,0.556614,0.695344
0.051429,1.75,23.3333,20,FCC_face,0.619012,0.954725
0.051429,1.75,26.6667,5,FCC_face,0.324787,0.168034
0.051429,1.75,26.6667,10,FCC_face,0.530139,0.375859
0.051429,1.75,26.6667,15,FCC_face,0.606498,0.618833
0.051429,1.75,26.6667,20,FCC_face,0.675714,0.840631
0.051429,1.75,30.0,5,FCC_face,0.377573,0.720012
0.051429,1.75,30.0,10,FCC_face,0.56723,0.463333
0.051429,1.75,30.0,15,FCC_face,0.63544,0.412435
0.051429,1.75,30.0,20,FCC_face,0.670741,0.871082
0.051429,1.75,33.3333,5,FCC_face,0.423682,0.342788
0.051429,1.75,33.3333,10,FCC_face,0.547042,0.698724
0.051429,1.75,33.3333,15,FCC_face,0.611576,0.447988
0.051429,1.75,33.3333,20,FCC_face,0.636847,0.89274
0.051429,1.75,36.6667,5,FCC_face,0.393894,0.227114
0.051429,1.75,36.6667,10,FCC_face,0.472202,0.361983
0.051429,1.75,36.6667,15,FCC_face,0.503145,0.472092
0.051429,1.75,36.6667,20,FCC_face,0.517337,0.567897
0.051429,1.75,40.0,5,FCC_face,0.33617,0.973308
0.051429,1.75,40.0,10,FCC_face,0.386122,0.466444
0.051429,1.75,40.0,15,FCC_face,0.400445,0.493855
0.051429,1.75,40.0,20,FCC_face,0.405014,0.674129
0.051429,1.9286,23.3333,5,FCC_face,0.268968,0.13837
0.051429,1.9286,23.3333,10,FCC_face,0.370507,0.431571
0.051429,1.9286,23.3333,15,FCC_face,0.508414,0.788354
0.051429,1.9286,23.3333,20,FCC_face,0.585141,0.515278
0.051429,1.9286,26.6667,5,FCC_face,0.273838,0.13036
0.051429,1.9286,26.6667,10,FCC_face,0.452632,0.241439
0.051429,1.9286,26.6667,15,FCC_face,0.564176,0.33541
0.051429,1.9286,26.6667,20,FCC_face,0.644741,0.41448
0.051429,1.9286,30.0,5,FCC_face,0.358409,0.358467
0.051429,1.9286,30.0,10,FCC_face,0.530971,0.847129
0.051429,1.9286,30.0,15,FCC_face,0.608925,0.499836
0.051429,1.9286,30.0,20,FCC_face,0.674772,0.448532
0.051429,1.9286,33.3333,5,FCC_face,0.407292,0.571837
0.051429,1.9286,33.3333,10,FCC_face,0.549558,0.315876
0.051429,1.9286,33.3333,15,FCC_face,0.62741,0.929645
0.051429,1.9286,33.3333,20,FCC_face,0.659254,0.489911
0.051429,1.9286,36.6667,5,FCC_face,0.409071,0.207721
0.051429,1.9286,36.6667,10,FCC_face,0.511852,0.599857
0.051429,1.9286,36.6667,15,FCC_face,0.560466,0.936611
0.051429,1.9286,36.6667,20,FCC_face,0.588088,0.625193
0.051429,1.9286,40.0,5,FCC_face,0.358207,0.419429
0.051429,1.9286,40.0,10,FCC_face,0.430702,0.801978
0.051429,1.9286,40.0,15,FCC_face,0.45914,0.859248
0.051429,1.9286,40.0,20,FCC_face,0.47162,0.769536
0.051429,2.1071,26.6667,5,FCC_face,0.250043,0.114643
0.051429,2.1071,26.6667,10,FCC_face,0.411995,0.215441
0.051429,2.1071,26.6667,15,FCC_face,0.532916,0.317543
0.051429,2.1071,26.6667,20,FCC_face,0.607426,0.430271
0.051429,2.1071,30.0,5,FCC_face,0.326492,0.205058
0.051429,2.1071,30.0,10,FCC_face,0.486949,0.681312
0.051429,2.1071,30.0,15,FCC_face,0.577267,0.909493
0.051429,2.1071,30.0,20,FCC_face,0.661421,0.684186
0.051429,2.1071,33.3333,5,FCC_face,0.341564,0.732109
0.051429,2.1071,33.3333,10,FCC_face,0.528653,0.307504
0.051429,2.1071,33.3333,15,FCC_face,0.615842,0.566646
0.051429,2.1071,33.3333,20,FCC_face,0.659178,0.806977
0.051429,2.1071,36.6667,5,FCC_face,0.394934,0.260768
0.051429,2.1071,36.6667,10,FCC_face,0.527109,0.918413
0.051429,2.1071,36.6667,15,FCC_face,0.600166,0.41898
0.051429,2.1071,36.6667,20,FCC_face,0.637953,0.692853
0.051429,2.1071,40.0,5,FCC_face,0.372825,0.209279
0.051429,2.1071,40.0,10,FCC_face,0.465113,0.336225
0.051429,2.1071,40.0,15,FCC_face,0.506302,0.434945
0.051429,2.1071,40.0,20,FCC_face,0.527042,0.521858
0.051429,2.2857,30.0,5,FCC_face,0.269085,0.142898
0.051429,2.2857,30.0,10,FCC_face,0.456809,0.352649
0.051429,2.2857,30.0,15,FCC_face,0.54141,0.641679
0.051429,2.2857,30.0,20,FCC_face,0.625118,0.904604
0.051429,2.2857,33.3333,5,FCC_face,0.316316,0.521641
0.051429,2.2857,33.3333,10,FCC_face,0.510574,0.44579
0.051429,2.2857,33.3333,15,FCC_face,0.597469,0.344322
0.051429,2.2857,33.3333,20,FCC_face,0.649965,0.711105
0.051429,2.2857,36.6667,5,FCC_face,0.378363,0.373204
0.051429,2.2857,36.6667,10,FCC_face,0.519652,0.387965
0.051429,2.2857,36.6667,15,FCC_face,0.612505,0.536015
0.051429,2.2857,36.6667,20,FCC_face,0.652897,0.70879
0.051429,2.2857,40.0,5,FCC_face,0.380783,0.179162
0.051429,2.2857,40.0,10,FCC_face,0.491831,0.423383
0.051429,2.2857,40.0,15,FCC_face,0.547353,0.870051
0.051429,2.2857,40.0,20,FCC_face,0.579575,0.875074
0.051429,2.4643,30.0,5,FCC_face,0.224118,0.113754
0.051429,2.4643,30.0,10,FCC_face,0.400338,0.228698
0.051429,2.4643,30.0,15,FCC_face,0.511881,0.345446
0.051429,2.4643,30.0,20,FCC_face,0.59839,0.462725
0.051429,2.4643,33.3333,5,FCC_face,0.297895,0.307195
0.051429,2.4643,33.3333,10,FCC_face,0.468318,0.693618
0.051429,2.4643,33.3333,15,FCC_face,0.557293,0.406941
0.051429,2.4643,33.3333,20,FCC_face,0.638549,0.395879
0.051429,2.4643,36.6667,5,FCC_face,0.345689,0.527376
0.051429,2.4643,36.6667,10,FCC_face,0.509936,0.258315
0.051429,2.4643,36.6667,15,FCC_face,0.60052,0.979647
0.051429,2.4643,36.6667,20,FCC_face,0.647764,0.437332
0.051429,2.4643,40.0,5,FCC_face,0.377831,0.197355
0.051429,2.4643,40.0,10,FCC_face,0.505579,0.872128
0.051429,2.4643,40.0,15,FCC_face,0.578448,0.581552
0.051429,2.4643,40.0,20,FCC_face,0.624347,0.465554
0.051429,2.6429,33.3333,5,FCC_face,0.275143,0.197056
0.051429,2.6429,33.3333,10,FCC_face,0.420743,0.694423
0.051429,2.6429,33.3333,15,FCC_face,0.532066,0.650803
0.051429,2.6429,33.3333,20,FCC_face,0.60915,0.459512
0.051429,2.6429,36.6667,5,FCC_face,0.28885,0.590037
0.051429,2.6429,36.6667,10,FCC_face,0.47264,0.261495
0.051429,2.6429,36.6667,15,FCC_face,0.574395,0.525943
0.051429,2.6429,36.6667,20,FCC_face,0.633215,0.737058
0.051429,2.6429,40.0,5,FCC_face,0.34728,0.244963
0.051429,2.6429,40.0,10,FCC_face,0.498194,0.68901
0.051429,2.6429,40.0,15,FCC_face,0.590215,0.358373
0.051429,2.6429,40.0,20,FCC_face,0.640675,0.876427
0.051429,2.8214,36.6667,5,FCC_face,0.266848,0.471937
0.051429,2.8214,36.6667,10,FCC_face,0.451139,0.330781
0.051429,2.8214,36.6667,15,FCC_face,0.552413,0.315602
0.051429,2.8214,36.6667,20,FCC_face,0.617718,0.858061
0.051429,2.8214,40.0,5,FCC_face,0.332754,0.319683
0.051429,2.8214,40.0,10,FCC_face,0.475719,0.334866
0.051429,2.8214,40.0,15,FCC_face,0.584327,0.491167
0.051429,2.8214,40.0,20,FCC_face,0.636441,0.656167
0.051429,3.0,36.6667,5,FCC_face,0.251232,0.322033
0.051429,3.0,36.6667,10,FCC_face,0.426922,0.458656
0.051429,3.0,36.6667,15,FCC_face,0.510873,0.296511
0.051429,3.0,36.6667,20,FCC_face,0.59002,0.435921
0.051429,3.0,40.0,5,FCC_face,0.306256,0.408725
0.051429,3.0,40.0,10,FCC_face,0.461928,0.232695
0.051429,3.0,40.0,15,FCC_face,0.561171,0.868561
0.051429,3.0,40.0,20,FCC_face,0.622661,0.388615
0.062143,0.5,10.0,5,FCC_face,0.52364,0.860243
0.062143,0.5,10.0,10,FCC_face,0.599184,0.411823
0.062143,0.5,10.0,15,FCC_face,0.648099,0.767664
0.062143,0.5,10.0,20,FCC_face,0.684826,0.625416
0.062143,0.5,13.3333,5,FCC_face,0.537392,0.316882
0.062143,0.5,13.3333,10,FCC_face,0.572485,0.486054
0.062143,0.5,13.3333,15,FCC_face,0.584032,0.567145
0.062143,0.5,13.3333,20,FCC_face,0.581941,0.594783
0.062143,0.5,16.6667,5,FCC_face,0.441948,0.655152
0.062143,0.5,16.6667,10,FCC_face,0.46588,0.464661
0.062143,0.5,16.6667,15,FCC_face,0.466214,0.505423
0.062143,0.5,16.6667,20,FCC_face,0.465632,0.499048
0.062143,0.5,20.0,5,FCC_face,0.312381,0.394043
0.062143,0.5,20.0,10,FCC_face,0.31194,0.40394
0.062143,0.5,20.0,15,FCC_face,0.311726,0.402514
0.062143,0.5,20.0,20,FCC_face,0.311687,0.402193
0.062143,0.5,23.3333,5,FCC_face,0.192166,0.279435
0.062143,0.5,23.3333,10,FCC_face,0.191767,0.281719
0.062143,0.5,23.3333,15,FCC_face,0.191842,0.281775
0.062143,0.5,23.3333,20,FCC_face,0.191836,0.281776
0.062143,0.5,26.6667,5,FCC_face,0.118756,0.13548
0.062143,0.5,26.6667,10,FCC_face,0.118931,0.135487
0.062143,0.5,26.6667,15,FCC_face,0.118939,0.135487
0.062143,0.5,26.6667,20,FCC_face,0.118939,0.135487
0.062143,0.5,30.0,5,FCC_face,0.074715,0.070617
0.062143,0.5,30.0,10,FCC_face,0.074703,0.070617
0.062143,0.5,30.0,15,FCC_face,0.074703,0.070617
0.062143,0.5,30.0,20,FCC_face,0.074703,0.070617
0.062143,0.5,33.3333,5,FCC_face,0.048169,0.045701
0.062143,0.5,33.3333,10,FCC_face,0.048168,0.045701
0.062143,0.5,33.3333,15,FCC_face,0.048168,0.045701
0.062143,0.5,33.3333,20,FCC_face,0.048168,0.045701
0.062143,0.5,36.6667,5,FCC_face,0.032799,0.032489
0.062143,0.5,36.6667,10,FCC_face,0.032799,0.032489
0.062143,0.5,36.6667,15,FCC_face,0.032799,0.032489
0.062143,0.5,36.6667,20,FCC_face,0.032799,0.032489
0.062143,0.5,40.0,5,FCC_face,0.023829,0.024326
0.062143,0.5,40.0,10,FCC_face,0.023829,0.024326
0.062143,0.5,40.0,15,FCC_face,0.023829,0.024326
0.062143,0.5,40.0,20,FCC_face,0.023829,0.024326
0.062143,0.6786,10.0,5,FCC_face,0.42439,0.648248
0.062143,0.6786,10.0,10,FCC_face,0.595076,0.347091
0.062143,0.6786,10.0,15,FCC_face,0.62483,0.592081
0.062143,0.6786,10.0,20,FCC_face,0.67259,0.722065
0.062143,0.6786,13.3333,5,FCC_face,0.540251,0.400542
0.062143,0.6786,13.3333,10,FCC_face,0.598151,0.950603
0.062143,0.6786,13.3333,15,FCC_face,0.663706,0.524273
0.062143,0.6786,13.3333,20,FCC_face,0.693313,0.605428
0.062143,0.6786,16.6667,5,FCC_face,0.494056,0.304361
0.062143,0.6786,16.6667,10,FCC_face,0.595721,0.513983
0.062143,0.6786,16.6667,15,FCC_face,0.601522,0.612939
0.062143,0.6786,16.6667,20,FCC_face,0.610829,0.642873
0.062143,0.6786,20.0,5,FCC_face,0.460184,0.638221
0.062143,0.6786,20.0,10,FCC_face,0.496337,0.480375
0.062143,0.6786,20.0,15,FCC_face,0.503121,0.56579
0.062143,0.6786,20.0,20,FCC_face,0.502085,0.538254
0.062143,0.6786,23.3333,5,FCC_face,0.34446,0.436006
0.062143,0.6786,23.3333,10,FCC_face,0.348016,0.471162
0.062143,0.6786,23.3333,15,FCC_face,0.347826,0.463539
0.062143,0.6786,23.3333,20,FCC_face,0.347678,0.459781
0.062143,0.6786,26.6667,5,FCC_face,0.227475,0.314984
0.062143,0.6786,26.6667,10,FCC_face,0.22481,0.346399
0.062143,0.6786,26.6667,15,FCC_face,0.225564,0.348909
0.062143,0.6786,26.6667,20,FCC_face,0.225557,0.348884
0.062143,0.6786,30.0,5,FCC_face,0.143911,0.183668
0.062143,0.6786,30.0,10,FCC_face,0.146236,0.184177
0.062143,0.6786,30.0,15,FCC_face,0.146214,0.18418
0.062143,0.6786,30.0,20,FCC_face,0.146198,0.18418
0.062143,0.6786,33.3333,5,FCC_face,0.095237,0.078639
0.062143,0.6786,33.3333,10,FCC_face,0.094537,0.078639
0.062143,0.6786,33.3333,15,FCC_face,0.094512,0.078639
0.062143,0.6786,33.3333,20,FCC_face,0.094511,0.078639
0.062143,0.6786,36.6667,5,FCC_face,0.060752,0.048542
0.062143,0.6786,36.6667,10,FCC_face,0.060916,0.048542
0.062143,0.6786,36.6667,15,FCC_face,0.060914,0.048542
0.062143,0.6786,36.6667,20,FCC_face,0.060914,0.048542
0.062143,0.6786,40.0,5,FCC_face,0.039759,0.034268
0.062143,0.6786,40.0,10,FCC_face,0.039749,0.034268
0.062143,0.6786,40.0,15,FCC_face,0.039749,0.034268
0.062143,0.6786,40.0,20,FCC_face,0.039749,0.034268
0.062143,0.8571,13.3333,5,FCC_face,0.366856,0.54166
0.062143,0.8571,13.3333,10,FCC_face,0.514024,0.356534
0.062143,0.8571,13.3333,15,FCC_face,0.637647,0.541157
0.062143,0.8571,13.3333,20,FCC_face,0.713668,0.817398
0.062143,0.8571,16.6667,5,FCC_face,0.502937,0.23214
0.062143,0.8571,16.6667,10,FCC_face,0.605646,0.485784
0.062143,0.8571,16.6667,15,FCC_face,0.66802,0.770271
0.062143,0.8571,16.6667,20,FCC_face,0.674129,0.870102
0.062143,0.8571,20.0,5,FCC_face,0.495361,0.519806
0.062143,0.8571,20.0,10,FCC_face,0.596235,0.869795
0.062143,0.8571,20.0,15,FCC_face,0.604279,0.635422
0.062143,0.8571,20.0,20,FCC_face,0.616325,0.57058
0.062143,0.8571,23.3333,5,FCC_face,0.453138,0.416504
0.062143,0.8571,23.3333,10,FCC_face,0.494196,0.680715
0.062143,0.8571,23.3333,15,FCC_face,0.507771,0.511796
0.062143,0.8571,23.3333,20,FCC_face,0.510125,0.582059
0.062143,0.8571,26.6667,5,FCC_face,0.346992,0.568449
0.062143,0.8571,26.6667,10,FCC_face,0.355685,0.54828
0.062143,0.8571,26.6667,15,FCC_face,0.355744,0.496963
0.062143,0.8571,26.6667,20,FCC_face,0.35536,0.486
0.062143,0.8571,30.0,5,FCC_face,0.240263,0.318174
0.062143,0.8571,30.0,10,FCC_face,0.237792,0.372925
0.062143,0.8571,30.0,15,FCC_face,0.239853,0.383781
0.062143,0.8571,30.0,20,FCC_face,0.239876,0.384351
0.062143,0.8571,33.3333,5,FCC_face,0.155875,0.215143
0.062143,0.8571,33.3333,10,FCC_face,0.161753,0.218762
0.062143,0.8571,33.3333,15,FCC_face,0.16136,0.218857
0.062143,0.8571,33.3333,20,FCC_face,0.161339,0.218858
0.062143,0.8571,36.6667,5,FCC_face,0.108963,0.08135
0.062143,0.8571,36.6667,10,FCC_face,0.10783,0.08135
0.062143,0.8571,36.6667,15,FCC_face,0.107702,0.08135
0.062143,0.8571,36.6667,20,FCC_face,0.107686,0.08135
0.062143,0.8571,40.0,5,FCC_face,0.07041,0.048666
0.062143,0.8571,40.0,10,FCC_face,0.070928,0.048666
0.062143,0.8571,40.0,15,FCC_face,0.070922,0.048666
0.062143,0.8571,40.0,20,FCC_face,0.070921,0.048666
0.062143,1.0357,13.3333,5,FCC_face,0.292535,0.536288
0.062143,1.0357,13.3333,10,FCC_face,0.436576,0.225316
0.062143,1.0357,13.3333,15,FCC_face,0.534624,0.879022
0.062143,1.0357,13.3333,20,FCC_face,0.631498,0.394757
0.062143,1.0357,16.6667,5,FCC_face,0.451903,0.26309
0.062143,1.0357,16.6667,10,FCC_face,0.524122,0.935792
0.062143,1.0357,16.6667,15,FCC_face,0.659682,0.599785
0.062143,1.0357,16.6667,20,FCC_face,0.690058,0.479321
0.062143,1.0357,20.0,5,FCC_face,0.42628,0.214746
0.062143,1.0357,20.0,10,FCC_face,0.597675,0.386883
0.062143,1.0357,20.0,15,FCC_face,0.647635,0.514224
0.062143,1.0357,20.0,20,FCC_face,0.679569,0.601212
0.062143,1.0357,23.3333,5,FCC_face,0.460025,0.998503
0.062143,1.0357,23.3333,10,FCC_face,0.582037,0.450251
0.062143,1.0357,23.3333,15,FCC_face,0.603597,0.586718
0.062143,1.0357,23.3333,20,FCC_face,0.607072,0.726101
0.062143,1.0357,26.6667,5,FCC_face,0.432466,0.286381
0.062143,1.0357,26.6667,10,FCC_face,0.473286,0.574375
0.062143,1.0357,26.6667,15,FCC_face,0.486143,0.66537
0.062143,1.0357,26.6667,20,FCC_face,0.491355,0.58606
0.062143,1.0357,30.0,5,FCC_face,0.334896,0.757775
0.062143,1.0357,30.0,10,FCC_face,0.347251,0.481378
0.062143,1.0357,30.0,15,FCC_face,0.347414,0.475629
0.062143,1.0357,30.0,20,FCC_face,0.346986,0.509117
0.062143,1.0357,33.3333,5,FCC_face,0.236851,0.348991
0.062143,1.0357,33.3333,10,FCC_face,0.238481,0.384502
0.062143,1.0357,33.3333,15,FCC_face,0.24225,0.395667
0.062143,1.0357,33.3333,20,FCC_face,0.241869,0.398965
0.062143,1.0357,36.6667,5,FCC_face,0.158962,0.226333
0.062143,1.0357,36.6667,10,FCC_face,0.168239,0.229218
0.062143,1.0357,36.6667,15,FCC_face,0.167689,0.229505
0.062143,1.0357,36.6667,20,FCC_face,0.167609,0.229518
0.062143,1.0357,40.0,5,FCC_face,0.116106,0.078682
0.062143,1.0357,40.0,10,FCC_face,0.115163,0.078687
0.062143,1.0357,40.0,15,FCC_face,0.11501,0.078687
0.062143,1.0357,40.0,20,FCC_face,0.114993,0.078687
0.062143,1.2143,16.6667,5,FCC_face,0.317535,0.305084
0.062143,1.2143,16.6667,10,FCC_face,0.482553,0.580461
0.062143,1.2143,16.6667,15,FCC_face,0.581539,0.336386
0.062143,1.2143,16.6667,20,FCC_face,0.664129,0.732894
0.062143,1.2143,20.0,5,FCC_face,0.403622,0.175384
0.062143,1.2143,20.0,10,FCC_face,0.562818,0.343762
0.062143,1.2143,20.0,15,FCC_face,0.660792,0.546601
0.062143,1.2143,20.0,20,FCC_face,0.685082,0.767035
0.062143,1.2143,23.3333,5,FCC_face,0.457128,0.394995
0.062143,1.2143,23.3333,10,FCC_face,0.595126,0.991103
0.062143,1.2143,23.3333,15,FCC_face,0.636312,0.727613
0.062143,1.2143,23.3333,20,FCC_face,0.667264,0.571029
0.062143,1.2143,26.6667,5,FCC_face,0.463774,0.546248
0.062143,1.2143,26.6667,10,FCC_face,0.551603,0.479829
0.062143,1.2143,26.6667,15,FCC_face,0.590165,0.626459
0.062143,1.2143,26.6667,20,FCC_face,0.596147,0.64498
0.062143,1.2143,30.0,5,FCC_face,0.400498,0.281487
0.062143,1.2143,30.0,10,FCC_face,0.442142,0.414602
0.062143,1.2143,30.0,15,FCC_face,0.453767,0.493516
0.062143,1.2143,30.0,20,FCC_face,0.457836,0.542098
0.062143,1.2143,33.3333,5,FCC_face,0.315615,0.552741
0.062143,1.2143,33.3333,10,FCC_face,0.327901,0.423754
0.062143,1.2143,33.3333,15,FCC_face,0.328576,0.547119
0.062143,1.2143,33.3333,20,FCC_face,0.329702,0.493207
0.062143,1.2143,36.6667,5,FCC_face,0.223084,0.472854
0.062143,1.2143,36.6667,10,FCC_face,0.232745,0.430317
0.062143,1.2143,36.6667,15,FCC_face,0.237178,0.408667
0.062143,1.2143,36.6667,20,FCC_face,0.236089,0.402849
0.062143,1.2143,40.0,5,FCC_face,0.156753,0.224359
0.062143,1.2143,40.0,10,FCC_face,0.167821,0.216574
0.062143,1.2143,40.0,15,FCC_face,0.168119,0.216205
0.062143,1.2143,40.0,20,FCC_face,0.167724,0.216189
0.062143,1.3929,20.0,5,FCC_face,0.374372,0.177089
0.062143,1.3929,20.0,10,FCC_face,0.482924,0.515567
0.062143,1.3929,20.0,15,FCC_face,0.610717,0.973231
0.062143,1.3929,20.0,20,FCC_face,0.66692,0.698512
0.062143,1.3929,23.3333,5,FCC_face,0.378197,0.194259
0.062143,1.3929,23.3333,10,FCC_face,0.578459,0.410073
0.062143,1.3929,23.3333,15,FCC_face,0.635811,0.627131
0.062143,1.3929,23.3333,20,FCC_face,0.687581,0.796503
0.062143,1.3929,26.6667,5,FCC_face,0.421978,0.948629
0.062143,1.3929,26.6667,10,FCC_face,0.583258,0.414166
0.062143,1.3929,26.6667,15,FCC_face,0.628795,0.539646
0.062143,1.3929,26.6667,20,FCC_face,0.644696,0.858129
0.062143,1.3929,30.0,5,FCC_face,0.441579,0.277975
0.062143,1.3929,30.0,10,FCC_face,0.51764,0.865557
0.062143,1.3929,30.0,15,FCC_face,0.550306,0.61777
0.062143,1.3929,30.0,20,FCC_face,0.56554,0.542936
0.062143,1.3929,33.3333,5,FCC_face,0.367485,0.500856
0.062143,1.3929,33.3333,10,FCC_face,0.409249,0.743619
0.062143,1.3929,33.3333,15,FCC_face,0.420607,0.688102
0.062143,1.3929,33.3333,20,FCC_face,0.424006,0.61809
0.062143,1.3929,36.6667,5,FCC_face,0.292211,0.319633
0.062143,1.3929,36.6667,10,FCC_face,0.301076,0.614126
0.062143,1.3929,36.6667,15,FCC_face,0.306704,0.46388
0.062143,1.3929,36.6667,20,FCC_face,0.310416,0.512264
0.062143,1.3929,40.0,5,FCC_face,0.204886,0.514838
0.062143,1.3929,40.0,10,FCC_face,0.223972,0.374705
0.062143,1.3929,40.0,15,FCC_face,0.22644,0.383319
0.062143,1.3929,40.0,20,FCC_face,0.226437,0.391368
0.062143,1.5714,20.0,5,FCC_face,0.320818,0.187412
0.062143,1.5714,20.0,10,FCC_face,0.412397,0.72618
0.062143,1.5714,20.0,15,FCC_face,0.56796,0.512334
0.062143,1.5714,20.0,20,FCC_face,0.619153,0.382825
0.062143,1.5714,23.3333,5,FCC_face,0.327166,0.146966
0.062143,1.5714,23.3333,10,FCC_face,0.504713,0.264547
0.062143,1.5714,23.3333,15,FCC_face,0.608582,0.363121
0.062143,1.5714,23.3333,20,FCC_face,0.668509,0.44871
0.062143,1.5714,26.6667,5,FCC_face,0.406769,0.438958
0.062143,1.5714,26.6667,10,FCC_face,0.57589,0.891501
0.062143,1.5714,26.6667,15,FCC_face,0.627996,0.522564
0.062143,1.5714,26.6667,20,FCC_face,0.675151,0.489855
0.062143,1.5714,30.0,5,FCC_face,0.44036,0.494196
0.062143,1.5714,30.0,10,FCC_face,0.553655,0.435113
0.062143,1.5714,30.0,15,FCC_face,0.613594,0.633216
0.062143,1.5714,30.0,20,FCC_face,0.629514,0.658317
0.062143,1.5714,33.3333,5,FCC_face,0.403978,0.225949
0.062143,1.5714,33.3333,10,FCC_face,0.472693,0.383326
0.062143,1.5714,33.3333,15,FCC_face,0.498119,0.543307
0.062143,1.5714,33.3333,20,FCC_face,0.509522,0.667128
0.062143,1.5714,36.6667,5,FCC_face,0.335988,0.9441
0.062143,1.5714,36.6667,10,FCC_face,0.375239,0.474445
0.062143,1.5714,36.6667,15,FCC_face,0.384483,0.486091
0.062143,1.5714,36.6667,20,FCC_face,0.386821,0.618082
0.062143,1.5714,40.0,5,FCC_face,0.264935,0.264797
0.062143,1.5714,40.0,10,FCC_face,0.275325,0.416109
0.062143,1.5714,40.0,15,FCC_face,0.286795,0.513498
0.062143,1.5714,40.0,20,FCC_face,0.290129,0.511095
0.062143,1.75,23.3333,5,FCC_face,0.304571,0.133907
0.062143,1.75,23.3333,10,FCC_face,0.470405,0.275149
0.062143,1.75,23.3333,15,FCC_face,0.590505,0.47286
0.062143,1.75,23.3333,20,FCC_face,0.638585,0.743013
0.062143,1.75,26.6667,5,FCC_face,0.370388,0.216727
0.062143,1.75,26.6667,10,FCC_face,0.538032,0.650226
0.062143,1.75,26.6667,15,FCC_face,0.605292,0.994147
0.062143,1.75,26.6667,20,FCC_face,0.682784,0.859204
0.062143,1.75,30.0,5,FCC_face,0.390027,0.842007
0.062143,1.75,30.0,10,FCC_face,0.56353,0.325602
0.062143,1.75,30.0,15,FCC_face,0.630052,0.705165
0.062143,1.75,30.0,20,FCC_face,0.655018,0.693052
0.062143,1.75,33.3333,5,FCC_face,0.423645,0.242692
0.062143,1.75,33.3333,10,FCC_face,0.521067,0.896513
0.062143,1.75,33.3333,15,FCC_face,0.567974,0.631017
0.062143,1.75,33.3333,20,FCC_face,0.593215,0.518471
0.062143,1.75,36.6667,5,FCC_face,0.366122,0.362577
0.062143,1.75,36.6667,10,FCC_face,0.429748,0.636866
0.062143,1.75,36.6667,15,FCC_face,0.452697,0.738218
0.062143,1.75,36.6667,20,FCC_face,0.462072,0.734625
0.062143,1.75,40.0,5,FCC_face,0.305948,0.435517
0.062143,1.75,40.0,10,FCC_face,0.336701,0.466644
0.062143,1.75,40.0,15,FCC_face,0.344746,0.586554
0.062143,1.75,40.0,20,FCC_face,0.350661,0.538008
0.062143,1.9286,23.3333,5,FCC_face,0.279392,0.131152
0.062143,1.9286,23.3333,10,FCC_face,0.414597,0.34233
0.062143,1.9286,23.3333,15,FCC_face,0.522415,0.756723
0.062143,1.9286,23.3333,20,FCC_face,0.595827,0.844694
0.062143,1.9286,26.6667,5,FCC_face,0.292848,0.146652
0.062143,1.9286,26.6667,10,FCC_face,0.49716,0.307059
0.062143,1.9286,26.6667,15,FCC_face,0.587355,0.480756
0.062143,1.9286,26.6667,20,FCC_face,0.65968,0.654549
0.062143,1.9286,30.0,5,FCC_face,0.358705,0.596407
0.062143,1.9286,30.0,10,FCC_face,0.551082,0.517488
0.062143,1.9286,30.0,15,FCC_face,0.620703,0.377565
0.062143,1.9286,30.0,20,FCC_face,0.661095,0.687712
0.062143,1.9286,33.3333,5,FCC_face,0.408514,0.36381
0.062143,1.9286,33.3333,10,FCC_face,0.539278,0.531606
0.062143,1.9286,33.3333,15,FCC_face,0.610182,0.469801
0.062143,1.9286,33.3333,20,FCC_face,0.63853,0.890511
0.062143,1.9286,36.6667,5,FCC_face,0.386899,0.201675
0.062143,1.9286,36.6667,10,FCC_face,0.472977,0.346702
0.062143,1.9286,36.6667,15,FCC_face,0.509574,0.507437
0.062143,1.9286,36.6667,20,FCC_face,0.527668,0.668521
0.062143,1.9286,40.0,5,FCC_face,0.332086,0.974158
0.062143,1.9286,40.0,10,FCC_face,0.389845,0.559424
0.062143,1.9286,40.0,15,FCC_face,0.409344,0.458497
0.062143,1.9286,40.0,20,FCC_face,0.416373,0.590081
0.062143,2.1071,26.6667,5,FCC_face,0.256188,0.119515
0.062143,2.1071,26.6667,10,FCC_face,0.426109,0.220224
0.062143,2.1071,26.6667,15,FCC_face,0.538313,0.305853
0.062143,2.1071,26.6667,20,FCC_face,0.618552,0.379318
0.062143,2.1071,30.0,5,FCC_face,0.340173,0.304507
0.062143,2.1071,30.0,10,FCC_face,0.50243,0.869239
0.062143,2.1071,30.0,15,FCC_face,0.592763,0.538369
0.062143,2.1071,30.0,20,FCC_face,0.660577,0.433877
0.062143,2.1071,33.3333,5,FCC_face,0.386173,0.591909
0.062143,2.1071,33.3333,10,FCC_face,0.537558,0.286859
0.062143,2.1071,33.3333,15,FCC_face,0.616272,0.993603
0.062143,2.1071,33.3333,20,FCC_face,0.651768,0.464793
0.062143,2.1071,36.6667,5,FCC_face,0.397978,0.200106
0.062143,2.1071,36.6667,10,FCC_face,0.50626,0.671598
0.062143,2.1071,36.6667,15,FCC_face,0.560461,0.865875
0.062143,2.1071,36.6667,20,FCC_face,0.592627,0.539374
0.062143,2.1071,40.0,5,FCC_face,0.350188,0.349769
0.062143,2.1071,40.0,10,FCC_face,0.427886,0.682558
0.062143,2.1071,40.0,15,FCC_face,0.460302,0.830853
0.062143,2.1071,40.0,20,FCC_face,0.475427,0.820819
0.062143,2.2857,30.0,5,FCC_face,0.307838,0.184604
0.062143,2.2857,30.0,10,FCC_face,0.467626,0.607968
0.062143,2.2857,30.0,15,FCC_face,0.554699,0.917917
0.062143,2.2857,30.0,20,FCC_face,0.646395,0.728853
0.062143,2.2857,33.3333,5,FCC_face,0.32396,0.701579
0.062143,2.2857,33.3333,10,FCC_face,0.510219,0.300122
0.062143,2.2857,33.3333,15,FCC_face,0.59989,0.500761
0.062143,2.2857,33.3333,20,FCC_face,0.647342,0.866612
0.062143,2.2857,36.6667,5,FCC_face,0.379145,0.254082
0.062143,2.2857,36.6667,10,FCC_face,0.515123,0.854798
0.062143,2.2857,36.6667,15,FCC_face,0.592909,0.391196
0.062143,2.2857,36.6667,20,FCC_face,0.633413,0.741818
0.062143,2.2857,40.0,5,FCC_face,0.362301,0.193098
0.062143,2.2857,40.0,10,FCC_face,0.457879,0.315111
0.062143,2.2857,40.0,15,FCC_face,0.502307,0.419269
0.062143,2.2857,40.0,20,FCC_face,0.525524,0.520098
0.062143,2.4643,30.0,5,FCC_face,0.253501,0.13304
0.062143,2.4643,30.0,10,FCC_face,0.438414,0.324722
0.062143,2.4643,30.0,15,FCC_face,0.524214,0.591953
0.062143,2.4643,30.0,20,FCC_face,0.607659,0.860683
0.062143,2.4643,33.3333,5,FCC_face,0.302448,0.489234
0.062143,2.4643,33.3333,10,FCC_face,0.49409,0.437018
0.062143,2.4643,33.3333,15,FCC_face,0.581859,0.327466
0.062143,2.4643,33.3333,20,FCC_face,0.636313,0.666365
0.062143,2.4643,36.6667,5,FCC_face,0.364646,0.359599
0.062143,2.4643,36.6667,10,FCC_face,0.505358,0.364318
0.062143,2.4643,36.6667,15,FCC_face,0.601339,0.527637
0.062143,2.4643,36.6667,20,FCC_face,0.643893,0.676902
0.062143,2.4643,40.0,5,FCC_face,0.368865,0.169308
0.062143,2.4643,40.0,10,FCC_face,0.481381,0.408074
0.062143,2.4643,40.0,15,FCC_face,0.539215,0.873262
0.062143,2.4643,40.0,20,FCC_face,0.573562,0.87279
0.062143,2.6429,33.3333,5,FCC_face,0.285641,0.294312
0.062143,2.6429,33.3333,10,FCC_face,0.453301,0.670727
0.062143,2.6429,33.3333,15,FCC_face,0.542216,0.388895
0.062143,2.6429,33.3333,20,FCC_face,0.624988,0.380062
0.062143,2.6429,36.6667,5,FCC_face,0.334741,0.502262
0.062143,2.6429,36.6667,10,FCC_face,0.49581,0.246845
0.062143,2.6429,36.6667,15,FCC_face,0.587533,0.970354
0.062143,2.6429,36.6667,20,FCC_face,0.637159,0.418435
0.062143,2.6429,40.0,5,FCC_face,0.36641,0.185357
0.062143,2.6429,40.0,10,FCC_face,0.493532,0.8334
0.062143,2.6429,40.0,15,FCC_face,0.567533,0.592688
0.062143,2.6429,40.0,20,FCC_face,0.615119,0.446566
0.062143,2.8214,36.6667,5,FCC_face,0.279459,0.570848
0.062143,2.8214,36.6667,10,FCC_face,0.460746,0.246061
0.062143,2.8214,36.6667,15,FCC_face,0.563463,0.543071
0.062143,2.8214,36.6667,20,FCC_face,0.623205,0.676141
0.062143,2.8214,40.0,5,FCC_face,0.33627,0.226625
0.062143,2.8214,40.0,10,FCC_face,0.485452,0.728057
0.062143,2.8214,40.0,15,FCC_face,0.577937,0.344637
0.062143,2.8214,40.0,20,FCC_face,0.630693,0.79643
0.062143,3.0,36.6667,5,FCC_face,0.257729,0.474319
0.062143,3.0,36.6667,10,FCC_face,0.438272,0.303427
0.062143,3.0,36.6667,15,FCC_face,0.540249,0.313985
0.062143,3.0,36.6667,20,FCC_face,0.606978,0.907618
0.062143,3.0,40.0,5,FCC_face,0.322731,0.291725
0.062143,3.0,40.0,10,FCC_face,0.467357,0.35174
0.062143,3.0,40.0,15,FCC_face,0.571965,0.432669
0.062143,3.0,40.0,20,FCC_face,0.627868,0.741676
0.072857,0.5,10.0,5,FCC_face,0.519908,0.765602
0.072857,0.5,10.0,10,FCC_face,0.590222,0.459
0.072857,0.5,10.0,15,FCC_face,0.642993,0.644715
0.072857,0.5,10.0,20,FCC_face,0.670927,0.696546
0.072857,0.5,13.3333,5,FCC_face,0.503465,0.315061
0.072857,0.5,13.3333,10,FCC_face,0.547852,0.461663
0.072857,0.5,13.3333,15,FCC_face,0.554148,0.524331
0.072857,0.5,13.3333,20,FCC_face,0.555241,0.550362
0.072857,0.5,16.6667,5,FCC_face,0.413971,0.533772
0.072857,0.5,16.6667,10,FCC_face,0.42902,0.455431
0.072857,0.5,16.6667,15,FCC_face,0.43045,0.47322
0.072857,0.5,16.6667,20,FCC_face,0.430155,0.470393
0.072857,0.5,20.0,5,FCC_face,0.275042,0.399296
0.072857,0.5,20.0,10,FCC_face,0.272962,0.369596
0.072857,0.5,20.0,15,FCC_face,0.272641,0.368036
0.072857,0.5,20.0,20,FCC_face,0.272608,0.368178
0.072857,0.5,23.3333,5,FCC_face,0.163742,0.237646
0.072857,0.5,23.3333,10,FCC_face,0.164326,0.235884
0.072857,0.5,23.3333,15,FCC_face,0.164305,0.23588
0.072857,0.5,23.3333,20,FCC_face,0.164306,0.23588
0.072857,0.5,26.6667,5,FCC_face,0.100204,0.104364
0.072857,0.5,26.6667,10,FCC_face,0.100107,0.104364
0.072857,0.5,26.6667,15,FCC_face,0.100106,0.104364
0.072857,0.5,26.6667,20,FCC_face,0.100106,0.104364
0.072857,0.5,30.0,5,FCC_face,0.062023,0.058128
0.072857,0.5,30.0,10,FCC_face,0.06204,0.058128
0.072857,0.5,30.0,15,FCC_face,0.06204,0.058128
0.072857,0.5,30.0,20,FCC_face,0.06204,0.058128
0.072857,0.5,33.3333,5,FCC_face,0.039954,0.038559
0.072857,0.5,33.3333,10,FCC_face,0.039954,0.038559
0.072857,0.5,33.3333,15,FCC_face,0.039954,0.038559
0.072857,0.5,33.3333,20,FCC_face,0.039954,0.038559
0.072857,0.5,36.6667,5,FCC_face,0.027537,0.027693
0.072857,0.5,36.6667,10,FCC_face,0.027537,0.027693
0.072857,0.5,36.6667,15,FCC_face,0.027537,0.027693
0.072857,0.5,36.6667,20,FCC_face,0.027537,0.027693
0.072857,0.5,40.0,5,FCC_face,0.020225,0.020836
0.072857,0.5,40.0,10,FCC_face,0.020225,0.020836
0.072857,0.5,40.0,15,FCC_face,0.020225,0.020836
0.072857,0.5,40.0,20,FCC_face,0.020225,0.020836
0.072857,0.6786,10.0,5,FCC_face,0.432947,0.748583
0.072857,0.6786,10.0,10,FCC_face,0.594582,0.324786
0.072857,0.6786,10.0,15,FCC_face,0.637772,0.749149
0.072857,0.6786,10.0,20,FCC_face,0.69036,0.605026
0.072857,0.6786,13.3333,5,FCC_face,0.565419,0.34862
0.072857,0.6786,13.3333,10,FCC_face,0.581783,0.938134
0.072857,0.6786,13.3333,15,FCC_face,0.662015,0.646496
0.072857,0.6786,13.3333,20,FCC_face,0.666711,0.553712
0.072857,0.6786,16.6667,5,FCC_face,0.498744,0.373128
0.072857,0.6786,16.6667,10,FCC_face,0.575326,0.660182
0.072857,0.6786,16.6667,15,FCC_face,0.573423,0.685339
0.072857,0.6786,16.6667,20,FCC_face,0.582961,0.636508
0.072857,0.6786,20.0,5,FCC_face,0.431434,0.454161
0.072857,0.6786,20.0,10,FCC_face,0.456205,0.560228
0.072857,0.6786,20.0,15,FCC_face,0.46237,0.492559
0.072857,0.6786,20.0,20,FCC_face,0.462703,0.52346
0.072857,0.6786,23.3333,5,FCC_face,0.306124,0.519011
0.072857,0.6786,23.3333,10,FCC_face,0.305441,0.430982
0.072857,0.6786,23.3333,15,FCC_face,0.304487,0.42014
0.072857,0.6786,23.3333,20,FCC_face,0.30424,0.422545
0.072857,0.6786,26.6667,5,FCC_face,0.192365,0.311283
0.072857,0.6786,26.6667,10,FCC_face,0.193239,0.300526
0.072857,0.6786,26.6667,15,FCC_face,0.193528,0.299677
0.072857,0.6786,26.6667,20,FCC_face,0.19346,0.299635
0.072857,0.6786,30.0,5,FCC_face,0.122231,0.128128
0.072857,0.6786,30.0,10,FCC_face,0.122888,0.128072
0.072857,0.6786,30.0,15,FCC_face,0.122987,0.128072
0.072857,0.6786,30.0,20,FCC_face,0.12299,0.128072
0.072857,0.6786,33.3333,5,FCC_face,0.078108,0.062285
0.072857,0.6786,33.3333,10,FCC_face,0.077894,0.062285
0.072857,0.6786,33.3333,15,FCC_face,0.077906,0.062285
0.072857,0.6786,33.3333,20,FCC_face,0.077906,0.062285
0.072857,0.6786,36.6667,5,FCC_face,0.049374,0.040393
0.072857,0.6786,36.6667,10,FCC_face,0.049373,0.040393
0.072857,0.6786,36.6667,15,FCC_face,0.049373,0.040393
0.072857,0.6786,36.6667,20,FCC_face,0.049373,0.040393
0.072857,0.6786,40.0,5,FCC_face,0.032242,0.029034
0.072857,0.6786,40.0,10,FCC_face,0.032244,0.029034
0.072857,0.6786,40.0,15,FCC_face,0.032244,0.029034
0.072857,0.6786,40.0,20,FCC_face,0.032244,0.029034
0.072857,0.8571,13.3333,5,FCC_face,0.383298,0.485351
0.072857,0.8571,13.3333,10,FCC_face,0.545102,0.450424
0.072857,0.8571,13.3333,15,FCC_face,0.649675,0.454597
0.072857,0.8571,13.3333,20,FCC_face,0.705457,0.972231
0.072857,0.8571,16.6667,5,FCC_face,0.4828,0.220269
0.072857,0.8571,16.6667,10,FCC_face,0.599455,0.399453
0.072857,0.8571,16.6667,15,FCC_face,0.656632,0.5645
0.072857,0.8571,16.6667,20,FCC_face,0.661259,0.691841
0.072857,0.8571,20.0,5,FCC_face,0.474243,0.777898
0.072857,0.8571,20.0,10,FCC_face,0.577088,0.64393
0.072857,0.8571,20.0,15,FCC_face,0.580475,0.505784
0.072857,0.8571,20.0,20,FCC_face,0.584417,0.608895
0.072857,0.8571,23.3333,5,FCC_face,0.423276,0.31938
0.072857,0.8571,23.3333,10,FCC_face,0.451056,0.59377
0.072857,0.8571,23.3333,15,FCC_face,0.459287,0.574674
0.072857,0.8571,23.3333,20,FCC_face,0.462014,0.527193
0.072857,0.8571,26.6667,5,FCC_face,0.309944,0.608638
0.072857,0.8571,26.6667,10,FCC_face,0.311919,0.424136
0.072857,0.8571,26.6667,15,FCC_face,0.310654,0.44718
0.072857,0.8571,26.6667,20,FCC_face,0.310342,0.453832
0.072857,0.8571,30.0,5,FCC_face,0.202032,0.366959
0.072857,0.8571,30.0,10,FCC_face,0.205107,0.336486
0.072857,0.8571,30.0,15,FCC_face,0.206045,0.332031
0.072857,0.8571,30.0,20,FCC_face,0.20576,0.331661
0.072857,0.8571,33.3333,5,FCC_face,0.133094,0.142257
0.072857,0.8571,33.3333,10,FCC_face,0.135447,0.141817
0.072857,0.8571,33.3333,15,FCC_face,0.135839,0.141817
0.072857,0.8571,33.3333,20,FCC_face,0.135807,0.141817
0.072857,0.8571,36.6667,5,FCC_face,0.08991,0.062266
0.072857,0.8571,36.6667,10,FCC_face,0.088637,0.062266
0.072857,0.8571,36.6667,15,FCC_face,0.088611,0.062266
0.072857,0.8571,36.6667,20,FCC_face,0.088618,0.062266
0.072857,0.8571,40.0,5,FCC_face,0.056597,0.04005
0.072857,0.8571,40.0,10,FCC_face,0.056995,0.04005
0.072857,0.8571,40.0,15,FCC_face,0.056992,0.04005
0.072857,0.8571,40.0,20,FCC_face,0.056991,0.04005
0.072857,1.0357,13.3333,5,FCC_face,0.301262,0.541183
0.072857,1.0357,13.3333,10,FCC_face,0.438073,0.236475
0.072857,1.0357,13.3333,15,FCC_face,0.542706,0.768992
0.072857,1.0357,13.3333,20,FCC_face,0.641017,0.440124
0.072857,1.0357,16.6667,5,FCC_face,0.467425,0.236015
0.072857,1.0357,16.6667,10,FCC_face,0.52839,0.766003
0.072857,1.0357,16.6667,15,FCC_face,0.66193,0.861523
0.072857,1.0357,16.6667,20,FCC_face,0.681094,0.548963
0.072857,1.0357,20.0,5,FCC_face,0.448949,0.251558
0.072857,1.0357,20.0,10,FCC_face,0.606323,0.530868
0.072857,1.0357,20.0,15,FCC_face,0.628392,0.743433
0.072857,1.0357,20.0,20,FCC_face,0.659989,0.814795
0.072857,1.0357,23.3333,5,FCC_face,0.466431,0.808053
0.072857,1.0357,23.3333,10,FCC_face,0.55313,0.399161
0.072857,1.0357,23.3333,15,FCC_face,0.576406,0.758806
0.072857,1.0357,23.3333,20,FCC_face,0.577139,0.551681
0.072857,1.0357,26.6667,5,FCC_face,0.398334,0.282472
0.072857,1.0357,26.6667,10,FCC_face,0.4282,0.419719
0.072857,1.0357,26.6667,15,FCC_face,0.435621,0.503805
0.072857,1.0357,26.6667,20,FCC_face,0.438172,0.544121
0.072857,1.0357,30.0,5,FCC_face,0.299443,0.48018
0.072857,1.0357,30.0,10,FCC_face,0.302236,0.426449
0.072857,1.0357,30.0,15,FCC_face,0.301773,0.477305
0.072857,1.0357,30.0,20,FCC_face,0.302447,0.458582
0.072857,1.0357,33.3333,5,FCC_face,0.198231,0.414138
0.072857,1.0357,33.3333,10,FCC_face,0.206796,0.343653
0.072857,1.0357,33.3333,15,FCC_face,0.207685,0.341172
0.072857,1.0357,33.3333,20,FCC_face,0.207412,0.342388
0.072857,1.0357,36.6667,5,FCC_face,0.136649,0.138894
0.072857,1.0357,36.6667,10,FCC_face,0.140273,0.138232
0.072857,1.0357,36.6667,15,FCC_face,0.141195,0.138234
0.072857,1.0357,36.6667,20,FCC_face,0.141123,0.138234
0.072857,1.0357,40.0,5,FCC_face,0.096785,0.059107
0.072857,1.0357,40.0,10,FCC_face,0.094739,0.059108
0.072857,1.0357,40.0,15,FCC_face,0.09455,0.059108
0.072857,1.0357,40.0,20,FCC_face,0.094548,0.059108
0.072857,1.2143,16.6667,5,FCC_face,0.358427,0.275318
0.072857,1.2143,16.6667,10,FCC_face,0.487953,0.785637
0.072857,1.2143,16.6667,15,FCC_face,0.589365,0.364798
0.072857,1.2143,16.6667,20,FCC_face,0.681091,0.543447
0.072857,1.2143,20.0,5,FCC_face,0.395121,0.173318
0.072857,1.2143,20.0,10,FCC_face,0.558733,0.309467
0.072857,1.2143,20.0,15,FCC_face,0.645078,0.428159
0.072857,1.2143,20.0,20,FCC_face,0.679446,0.535645
0.072857,1.2143,23.3333,5,FCC_face,0.447059,0.625587
0.072857,1.2143,23.3333,10,FCC_face,0.598623,0.761094
0.072857,1.2143,23.3333,15,FCC_face,0.620526,0.488245
0.072857,1.2143,23.3333,20,FCC_face,0.640844,0.566839
0.072857,1.2143,26.6667,5,FCC_face,0.447581,0.362425
0.072857,1.2143,26.6667,10,FCC_face,0.519041,0.793933
0.072857,1.2143,26.6667,15,FCC_face,0.549772,0.483387
0.072857,1.2143,26.6667,20,FCC_face,0.55878,0.660023
0.072857,1.2143,30.0,5,FCC_face,0.367973,0.427844
0.072857,1.2143,30.0,10,FCC_face,0.399319,0.611185
0.072857,1.2143,30.0,15,FCC_face,0.406507,0.615727
0.072857,1.2143,30.0,20,FCC_face,0.408317,0.588227
0.072857,1.2143,33.3333,5,FCC_face,0.280795,0.31309
0.072857,1.2143,33.3333,10,FCC_face,0.282467,0.538749
0.072857,1.2143,33.3333,15,FCC_face,0.286107,0.448432
0.072857,1.2143,33.3333,20,FCC_face,0.288398,0.464079
0.072857,1.2143,36.6667,5,FCC_face,0.187292,0.352443
0.072857,1.2143,36.6667,10,FCC_face,0.202682,0.325859
0.072857,1.2143,36.6667,15,FCC_face,0.202081,0.338334
0.072857,1.2143,36.6667,20,FCC_face,0.202805,0.336187
0.072857,1.2143,40.0,5,FCC_face,0.135803,0.118879
0.072857,1.2143,40.0,10,FCC_face,0.139567,0.118809
0.072857,1.2143,40.0,15,FCC_face,0.141098,0.11881
0.072857,1.2143,40.0,20,FCC_face,0.141201,0.11881
0.072857,1.3929,20.0,5,FCC_face,0.376859,0.16556
0.072857,1.3929,20.0,10,FCC_face,0.520482,0.39798
0.072857,1.3929,20.0,15,FCC_face,0.617668,0.799175
0.072857,1.3929,20.0,20,FCC_face,0.660315,0.988901
0.072857,1.3929,23.3333,5,FCC_face,0.418012,0.242544
0.072857,1.3929,23.3333,10,FCC_face,0.579648,0.655024
0.072857,1.3929,23.3333,15,FCC_face,0.62317,0.965351
0.072857,1.3929,23.3333,20,FCC_face,0.680886,0.893226
0.072857,1.3929,26.6667,5,FCC_face,0.442691,0.823899
0.072857,1.3929,26.6667,10,FCC_face,0.569684,0.348566
0.072857,1.3929,26.6667,15,FCC_face,0.612559,0.873797
0.072857,1.3929,26.6667,20,FCC_face,0.621929,0.553913
0.072857,1.3929,30.0,5,FCC_face,0.416748,0.235462
0.072857,1.3929,30.0,10,FCC_face,0.477688,0.484943
0.072857,1.3929,30.0,15,FCC_face,0.499726,0.725125
0.072857,1.3929,30.0,20,FCC_face,0.509994,0.693099
0.072857,1.3929,33.3333,5,FCC_face,0.3373,0.891896
0.072857,1.3929,33.3333,10,FCC_face,0.367795,0.528133
0.072857,1.3929,33.3333,15,FCC_face,0.373716,0.471792
0.072857,1.3929,33.3333,20,FCC_face,0.374691,0.546851
0.072857,1.3929,36.6667,5,FCC_face,0.255939,0.277531
0.072857,1.3929,36.6667,10,FCC_face,0.260962,0.3939
0.072857,1.3929,36.6667,15,FCC_face,0.269364,0.458007
0.072857,1.3929,36.6667,20,FCC_face,0.271041,0.465183
0.072857,1.3929,40.0,5,FCC_face,0.174561,0.254291
0.072857,1.3929,40.0,10,FCC_face,0.194775,0.323525
0.072857,1.3929,40.0,15,FCC_face,0.192714,0.312569
0.072857,1.3929,40.0,20,FCC_face,0.194311,0.313336
0.072857,1.5714,20.0,5,FCC_face,0.338356,0.173131
0.072857,1.5714,20.0,10,FCC_face,0.425371,0.615605
0.072857,1.5714,20.0,15,FCC_face,0.581313,0.76832
0.072857,1.5714,20.0,20,FCC_face,0.629717,0.454479
0.072857,1.5714,23.3333,5,FCC_face,0.332007,0.156754
0.072857,1.5714,23.3333,10,FCC_face,0.524374,0.293296
0.072857,1.5714,23.3333,15,FCC_face,0.616124,0.409073
0.072857,1.5714,23.3333,20,FCC_face,0.678525,0.504492
0.072857,1.5714,26.6667,5,FCC_face,0.400868,0.705566
0.072857,1.5714,26.6667,10,FCC_face,0.579403,0.555626
0.072857,1.5714,26.6667,15,FCC_face,0.628192,0.414525
0.072857,1.5714,26.6667,20,FCC_face,0.654069,0.709436
0.072857,1.5714,30.0,5,FCC_face,0.430812,0.329176
0.072857,1.5714,30.0,10,FCC_face,0.530818,0.812194
0.072857,1.5714,30.0,15,FCC_face,0.580196,0.4481
0.072857,1.5714,30.0,20,FCC_face,0.598475,0.753293
0.072857,1.5714,33.3333,5,FCC_face,0.377011,0.290126
0.072857,1.5714,33.3333,10,FCC_face,0.433215,0.451409
0.072857,1.5714,33.3333,15,FCC_face,0.452019,0.531573
0.072857,1.5714,33.3333,20,FCC_face,0.459325,0.570461
0.072857,1.5714,36.6667,5,FCC_face,0.307321,0.48956
0.072857,1.5714,36.6667,10,FCC_face,0.331375,0.424938
0.072857,1.5714,36.6667,15,FCC_face,0.335877,0.595087
0.072857,1.5714,36.6667,20,FCC_face,0.33945,0.503165
0.072857,1.5714,40.0,5,FCC_face,0.226204,0.479559
0.072857,1.5714,40.0,10,FCC_face,0.242381,0.486085
0.072857,1.5714,40.0,15,FCC_face,0.25157,0.460066
0.072857,1.5714,40.0,20,FCC_face,0.250296,0.446868
0.072857,1.75,23.3333,5,FCC_face,0.305262,0.13275
0.072857,1.75,23.3333,10,FCC_face,0.476111,0.247958
0.072857,1.75,23.3333,15,FCC_face,0.591622,0.365025
0.072857,1.75,23.3333,20,FCC_face,0.651061,0.493486
0.072857,1.75,26.6667,5,FCC_face,0.385044,0.303685
0.072857,1.75,26.6667,10,FCC_face,0.539368,0.96008
0.072857,1.75,26.6667,15,FCC_face,0.617596,0.710422
0.072857,1.75,26.6667,20,FCC_face,0.670038,0.517172
0.072857,1.75,30.0,5,FCC_face,0.42237,0.621968
0.072857,1.75,30.0,10,FCC_face,0.551469,0.325819
0.072857,1.75,30.0,15,FCC_face,0.616578,0.919629
0.072857,1.75,30.0,20,FCC_face,0.637846,0.495967
0.072857,1.75,33.3333,5,FCC_face,0.404564,0.20733
0.072857,1.75,33.3333,10,FCC_face,0.486561,0.464011
0.072857,1.75,33.3333,15,FCC_face,0.520963,0.806954
0.072857,1.75,33.3333,20,FCC_face,0.538762,0.7696
0.072857,1.75,36.6667,5,FCC_face,0.340798,0.792074
0.072857,1.75,36.6667,10,FCC_face,0.392317,0.738355
0.072857,1.75,36.6667,15,FCC_face,0.408707,0.525982
0.072857,1.75,36.6667,20,FCC_face,0.414305,0.51582
0.072857,1.75,40.0,5,FCC_face,0.276863,0.25564
0.072857,1.75,40.0,10,FCC_face,0.292412,0.630695
0.072857,1.75,40.0,15,FCC_face,0.304433,0.526639
0.072857,1.75,40.0,20,FCC_face,0.310782,0.487427
0.072857,1.9286,23.3333,5,FCC_face,0.284385,0.12605
0.072857,1.9286,23.3333,10,FCC_face,0.440577,0.282197
0.072857,1.9286,23.3333,15,FCC_face,0.552562,0.549681
0.072857,1.9286,23.3333,20,FCC_face,0.602863,0.897359
0.072857,1.9286,26.6667,5,FCC_face,0.331677,0.175363
0.072857,1.9286,26.6667,10,FCC_face,0.515599,0.463598
0.072857,1.9286,26.6667,15,FCC_face,0.583603,0.83292
0.072857,1.9286,26.6667,20,FCC_face,0.663055,0.999765
0.072857,1.9286,30.0,5,FCC_face,0.360971,0.813702
0.072857,1.9286,30.0,10,FCC_face,0.542842,0.345172
0.072857,1.9286,30.0,15,FCC_face,0.615626,0.489188
0.072857,1.9286,30.0,20,FCC_face,0.649939,0.928912
0.072857,1.9286,33.3333,5,FCC_face,0.409669,0.25745
0.072857,1.9286,33.3333,10,FCC_face,0.521254,0.985968
0.072857,1.9286,33.3333,15,FCC_face,0.579585,0.454882
0.072857,1.9286,33.3333,20,FCC_face,0.609091,0.59959
0.072857,1.9286,36.6667,5,FCC_face,0.364686,0.262467
0.072857,1.9286,36.6667,10,FCC_face,0.437801,0.42928
0.072857,1.9286,36.6667,15,FCC_face,0.466782,0.525949
0.072857,1.9286,36.6667,20,FCC_face,0.479839,0.579677
0.072857,1.9286,40.0,5,FCC_face,0.307998,0.60745
0.072857,1.9286,40.0,10,FCC_face,0.350597,0.364945
0.072857,1.9286,40.0,15,FCC_face,0.361351,0.717674
0.072857,1.9286,40.0,20,FCC_face,0.367122,0.528084
0.072857,2.1071,26.6667,5,FCC_face,0.267036,0.129652
0.072857,2.1071,26.6667,10,FCC_face,0.458544,0.256399
0.072857,2.1071,26.6667,15,FCC_face,0.563728,0.379515
0.072857,2.1071,26.6667,20,FCC_face,0.641896,0.496515
0.072857,2.1071,30.0,5,FCC_face,0.341752,0.473336
0.072857,2.1071,30.0,10,FCC_face,0.532306,0.603513
0.072857,2.1071,30.0,15,FCC_face,0.598288,0.372273
0.072857,2.1071,30.0,20,FCC_face,0.651008,0.518541
0.072857,2.1071,33.3333,5,FCC_face,0.394564,0.399206
0.072857,2.1071,33.3333,10,FCC_face,0.526964,0.39889
0.072857,2.1071,33.3333,15,FCC_face,0.607379,0.552376
0.072857,2.1071,33.3333,20,FCC_face,0.638733,0.695648
0.072857,2.1071,36.6667,5,FCC_face,0.380923,0.184485
0.072857,2.1071,36.6667,10,FCC_face,0.474748,0.362391
0.072857,2.1071,36.6667,15,FCC_face,0.517427,0.632459
0.072857,2.1071,36.6667,20,FCC_face,0.540155,0.850604
0.072857,2.1071,40.0,5,FCC_face,0.329005,0.801283
0.072857,2.1071,40.0,10,FCC_face,0.394332,0.749178
0.072857,2.1071,40.0,15,FCC_face,0.419249,0.506666
0.072857,2.1071,40.0,20,FCC_face,0.429593,0.505679
0.072857,2.2857,30.0,5,FCC_face,0.322645,0.255011
0.072857,2.2857,30.0,10,FCC_face,0.476282,0.85534
0.072857,2.2857,30.0,15,FCC_face,0.576509,0.610598
0.072857,2.2857,30.0,20,FCC_face,0.643379,0.444705
0.072857,2.2857,33.3333,5,FCC_face,0.360475,0.621887
0.072857,2.2857,33.3333,10,FCC_face,0.525435,0.265581
0.072857,2.2857,33.3333,15,FCC_face,0.606417,0.96587
0.072857,2.2857,33.3333,20,FCC_face,0.64357,0.47241
0.072857,2.2857,36.6667,5,FCC_face,0.387726,0.19722
0.072857,2.2857,36.6667,10,FCC_face,0.501496,0.79417
0.072857,2.2857,36.6667,15,FCC_face,0.562119,0.697932
0.072857,2.2857,36.6667,20,FCC_face,0.59914,0.475182
0.072857,2.2857,40.0,5,FCC_face,0.343812,0.28354
0.072857,2.2857,40.0,10,FCC_face,0.426905,0.527919
0.072857,2.2857,40.0,15,FCC_face,0.463545,0.685754
0.072857,2.2857,40.0,20,FCC_face,0.481581,0.755994
0.072857,2.4643,30.0,5,FCC_face,0.288374,0.164249
0.072857,2.4643,30.0,10,FCC_face,0.449156,0.520538
0.072857,2.4643,30.0,15,FCC_face,0.531909,0.901202
0.072857,2.4643,30.0,20,FCC_face,0.630064,0.80767
0.072857,2.4643,33.3333,5,FCC_face,0.307505,0.66096
0.072857,2.4643,33.3333,10,FCC_face,0.493033,0.301151
0.072857,2.4643,33.3333,15,FCC_face,0.584566,0.427056
0.072857,2.4643,33.3333,20,FCC_face,0.636165,0.954806
0.072857,2.4643,36.6667,5,FCC_face,0.364319,0.254611
0.072857,2.4643,36.6667,10,FCC_face,0.50451,0.739584
0.072857,2.4643,36.6667,15,FCC_face,0.587392,0.368601
0.072857,2.4643,36.6667,20,FCC_face,0.630005,0.848791
0.072857,2.4643,40.0,5,FCC_face,0.353683,0.176846
0.072857,2.4643,40.0,10,FCC_face,0.453027,0.297414
0.072857,2.4643,40.0,15,FCC_face,0.501087,0.418848
0.072857,2.4643,40.0,20,FCC_face,0.527178,0.554391
0.072857,2.6429,33.3333,5,FCC_face,0.289476,0.444473
0.072857,2.6429,33.3333,10,FCC_face,0.478085,0.444985
0.072857,2.6429,33.3333,15,FCC_face,0.564493,0.313023
0.072857,2.6429,33.3333,20,FCC_face,0.621764,0.586894
0.072857,2.6429,36.6667,5,FCC_face,0.351668,0.357939
0.072857,2.6429,36.6667,10,FCC_face,0.490621,0.328556
0.072857,2.6429,36.6667,15,FCC_face,0.591275,0.551041
0.072857,2.6429,36.6667,20,FCC_face,0.634914,0.601074
0.072857,2.6429,40.0,5,FCC_face,0.358773,0.161371
0.072857,2.6429,40.0,10,FCC_face,0.473514,0.414797
0.072857,2.6429,40.0,15,FCC_face,0.534338,0.927248
0.072857,2.6429,40.0,20,FCC_face,0.571543,0.80955
0.072857,2.8214,36.6667,5,FCC_face,0.32099,0.490942
0.072857,2.8214,36.6667,10,FCC_face,0.482642,0.234388
0.072857,2.8214,36.6667,15,FCC_face,0.575278,0.961719
0.072857,2.8214,36.6667,20,FCC_face,0.626305,0.405705
0.072857,2.8214,40.0,5,FCC_face,0.3554,0.177694
0.072857,2.8214,40.0,10,FCC_face,0.483148,0.835305
0.072857,2.8214,40.0,15,FCC_face,0.559145,0.558212
0.072857,2.8214,40.0,20,FCC_face,0.608918,0.431621
0.072857,3.0,36.6667,5,FCC_face,0.268943,0.55201
0.072857,3.0,36.6667,10,FCC_face,0.447382,0.235684
0.072857,3.0,36.6667,15,FCC_face,0.5506,0.525951
0.072857,3.0,36.6667,20,FCC_face,0.611863,0.661733
0.072857,3.0,40.0,5,FCC_face,0.325495,0.215768
0.072857,3.0,40.0,10,FCC_face,0.473964,0.719509
0.072857,3.0,40.0,15,FCC_face,0.5675,0.331594
0.072857,3.0,40.0,20,FCC_face,0.621996,0.775363
0.083571,0.5,10.0,5,FCC_face,0.520001,0.67448
0.083571,0.5,10.0,10,FCC_face,0.590332,0.528543
0.083571,0.5,10.0,15,FCC_face,0.635114,0.562161
0.083571,0.5,10.0,20,FCC_face,0.651982,0.731384
0.083571,0.5,13.3333,5,FCC_face,0.482085,0.331299
0.083571,0.5,13.3333,10,FCC_face,0.528659,0.480653
0.083571,0.5,13.3333,15,FCC_face,0.529111,0.528807
0.083571,0.5,13.3333,20,FCC_face,0.531179,0.541872
0.083571,0.5,16.6667,5,FCC_face,0.385746,0.431976
0.083571,0.5,16.6667,10,FCC_face,0.395756,0.458042
0.083571,0.5,16.6667,15,FCC_face,0.397244,0.441825
0.083571,0.5,16.6667,20,FCC_face,0.397258,0.445949
0.083571,0.5,20.0,5,FCC_face,0.244038,0.356591
0.083571,0.5,20.0,10,FCC_face,0.241425,0.336307
0.083571,0.5,20.0,15,FCC_face,0.241263,0.337617
0.083571,0.5,20.0,20,FCC_face,0.241268,0.337562
0.083571,0.5,23.3333,5,FCC_face,0.142168,0.194708
0.083571,0.5,23.3333,10,FCC_face,0.142924,0.194613
0.083571,0.5,23.3333,15,FCC_face,0.142898,0.194614
0.083571,0.5,23.3333,20,FCC_face,0.142899,0.194614
0.083571,0.5,26.6667,5,FCC_face,0.085891,0.084824
0.083571,0.5,26.6667,10,FCC_face,0.085771,0.084824
0.083571,0.5,26.6667,15,FCC_face,0.08577,0.084824
0.083571,0.5,26.6667,20,FCC_face,0.08577,0.084824
0.083571,0.5,30.0,5,FCC_face,0.052648,0.049493
0.083571,0.5,30.0,10,FCC_face,0.052655,0.049493
0.083571,0.5,30.0,15,FCC_face,0.052655,0.049493
0.083571,0.5,30.0,20,FCC_face,0.052655,0.049493
0.083571,0.5,33.3333,5,FCC_face,0.034046,0.033375
0.083571,0.5,33.3333,10,FCC_face,0.034046,0.033375
0.083571,0.5,33.3333,15,FCC_face,0.034046,0.033375
0.083571,0.5,33.3333,20,FCC_face,0.034046,0.033375
0.083571,0.5,36.6667,5,FCC_face,0.023745,0.024139
0.083571,0.5,36.6667,10,FCC_face,0.023745,0.024139
0.083571,0.5,36.6667,15,FCC_face,0.023745,0.024139
0.083571,0.5,36.6667,20,FCC_face,0.023745,0.024139
0.083571,0.5,40.0,5,FCC_face,0.017578,0.018226
0.083571,0.5,40.0,10,FCC_face,0.017578,0.018226
0.083571,0.5,40.0,15,FCC_face,0.017578,0.018226
0.083571,0.5,40.0,20,FCC_face,0.017578,0.018226
0.083571,0.6786,10.0,5,FCC_face,0.437629,0.817682
0.083571,0.6786,10.0,10,FCC_face,0.585311,0.31006
0.083571,0.6786,10.0,15,FCC_face,0.636199,0.899365
0.083571,0.6786,10.0,20,FCC_face,0.695464,0.531645
0.083571,0.6786,13.3333,5,FCC_face,0.566489,0.310348
0.083571,0.6786,13.3333,10,FCC_face,0.572855,0.790294
0.083571,0.6786,13.3333,15,FCC_face,0.649088,0.781186
0.083571,0.6786,13.3333,20,FCC_face,0.646254,0.59187
0.083571,0.6786,16.6667,5,FCC_face,0.48826,0.485402
0.083571,0.6786,16.6667,10,FCC_face,0.552013,0.732969
0.083571,0.6786,16.6667,15,FCC_face,0.550546,0.609244
0.083571,0.6786,16.6667,20,FCC_face,0.555954,0.557417
0.083571,0.6786,20.0,5,FCC_face,0.402827,0.358089
0.083571,0.6786,20.0,10,FCC_face,0.419173,0.541035
0.083571,0.6786,20.0,15,FCC_face,0.423386,0.493531
0.083571,0.6786,20.0,20,FCC_face,0.424283,0.484613
0.083571,0.6786,23.3333,5,FCC_face,0.273462,0.445828
0.083571,0.6786,23.3333,10,FCC_face,0.269957,0.379327
0.083571,0.6786,23.3333,15,FCC_face,0.269197,0.391734
0.083571,0.6786,23.3333,20,FCC_face,0.269196,0.390285
0.083571,0.6786,26.6667,5,FCC_face,0.165728,0.256935
0.083571,0.6786,26.6667,10,FCC_face,0.168492,0.251687
0.083571,0.6786,26.6667,15,FCC_face,0.168273,0.251889
0.083571,0.6786,26.6667,20,FCC_face,0.168305,0.251885
0.083571,0.6786,30.0,5,FCC_face,0.105422,0.096111
0.083571,0.6786,30.0,10,FCC_face,0.105105,0.096105
0.083571,0.6786,30.0,15,FCC_face,0.105105,0.096105
0.083571,0.6786,30.0,20,FCC_face,0.105106,0.096105
0.083571,0.6786,33.3333,5,FCC_face,0.065249,0.051853
0.083571,0.6786,33.3333,10,FCC_face,0.065399,0.051853
0.083571,0.6786,33.3333,15,FCC_face,0.065398,0.051853
0.083571,0.6786,33.3333,20,FCC_face,0.065398,0.051853
0.083571,0.6786,36.6667,5,FCC_face,0.041012,0.034652
0.083571,0.6786,36.6667,10,FCC_face,0.040988,0.034652
0.083571,0.6786,36.6667,15,FCC_face,0.040988,0.034652
0.083571,0.6786,36.6667,20,FCC_face,0.040988,0.034652
0.083571,0.6786,40.0,5,FCC_face,0.027064,0.025207
0.083571,0.6786,40.0,10,FCC_face,0.027064,0.025207
0.083571,0.6786,40.0,15,FCC_face,0.027064,0.025207
0.083571,0.6786,40.0,20,FCC_face,0.027064,0.025207
0.083571,0.8571,13.3333,5,FCC_face,0.406489,0.43215
0.083571,0.8571,13.3333,10,FCC_face,0.562379,0.586681
0.083571,0.8571,13.3333,15,FCC_face,0.645178,0.414162
0.083571,0.8571,13.3333,20,FCC_face,0.693473,0.889172
0.083571,0.8571,16.6667,5,FCC_face,0.463294,0.218161
0.083571,0.8571,16.6667,10,FCC_face,0.585851,0.369251
0.083571,0.8571,16.6667,15,FCC_face,0.631535,0.478344
0.083571,0.8571,16.6667,20,FCC_face,0.644188,0.556756
0.083571,0.8571,20.0,5,FCC_face,0.457889,0.94475
0.083571,0.8571,20.0,10,FCC_face,0.548294,0.472806
0.083571,0.8571,20.0,15,FCC_face,0.556513,0.543806
0.083571,0.8571,20.0,20,FCC_face,0.55646,0.641714
0.083571,0.8571,23.3333,5,FCC_face,0.391776,0.29348
0.083571,0.8571,23.3333,10,FCC_face,0.411306,0.444607
0.083571,0.8571,23.3333,15,FCC_face,0.415869,0.514442
0.083571,0.8571,23.3333,20,FCC_face,0.417459,0.523018
0.083571,0.8571,26.6667,5,FCC_face,0.277584,0.416511
0.083571,0.8571,26.6667,10,FCC_face,0.274488,0.408985
0.083571,0.8571,26.6667,15,FCC_face,0.27396,0.417883
0.083571,0.8571,26.6667,20,FCC_face,0.274342,0.41595
0.083571,0.8571,30.0,5,FCC_face,0.173206,0.287532
0.083571,0.8571,30.0,10,FCC_face,0.179447,0.277952
0.083571,0.8571,30.0,15,FCC_face,0.178887,0.279262
0.083571,0.8571,30.0,20,FCC_face,0.17904,0.279175
0.083571,0.8571,33.3333,5,FCC_face,0.115681,0.098555
0.083571,0.8571,33.3333,10,FCC_face,0.11576,0.098537
0.083571,0.8571,33.3333,15,FCC_face,0.115912,0.098537
0.083571,0.8571,33.3333,20,FCC_face,0.115946,0.098537
0.083571,0.8571,36.6667,5,FCC_face,0.074174,0.050938
0.083571,0.8571,36.6667,10,FCC_face,0.074048,0.050938
0.083571,0.8571,36.6667,15,FCC_face,0.074108,0.050938
0.083571,0.8571,36.6667,20,FCC_face,0.074105,0.050938
0.083571,0.8571,40.0,5,FCC_face,0.046752,0.034131
0.083571,0.8571,40.0,10,FCC_face,0.046695,0.034131
0.083571,0.8571,40.0,15,FCC_face,0.046698,0.034131
0.083571,0.8571,40.0,20,FCC_face,0.046698,0.034131
0.083571,1.0357,13.3333,5,FCC_face,0.308904,0.524264
0.083571,1.0357,13.3333,10,FCC_face,0.442988,0.256787
0.083571,1.0357,13.3333,15,FCC_face,0.559894,0.634836
0.083571,1.0357,13.3333,20,FCC_face,0.661224,0.538516
0.083571,1.0357,16.6667,5,FCC_face,0.468208,0.215781
0.083571,1.0357,16.6667,10,FCC_face,0.54895,0.588512
0.083571,1.0357,16.6667,15,FCC_face,0.651181,0.984355
0.083571,1.0357,16.6667,20,FCC_face,0.676624,0.740119
0.083571,1.0357,20.0,5,FCC_face,0.469712,0.318456
0.083571,1.0357,20.0,10,FCC_face,0.592925,0.781388
0.083571,1.0357,20.0,15,FCC_face,0.612436,0.867104
0.083571,1.0357,20.0,20,FCC_face,0.641627,0.723627
0.083571,1.0357,23.3333,5,FCC_face,0.45559,0.549824
0.083571,1.0357,23.3333,10,FCC_face,0.521112,0.488382
0.083571,1.0357,23.3333,15,FCC_face,0.545941,0.584156
0.083571,1.0357,23.3333,20,FCC_face,0.547674,0.603902
0.083571,1.0357,26.6667,5,FCC_face,0.367486,0.359064
0.083571,1.0357,26.6667,10,FCC_face,0.389509,0.486838
0.083571,1.0357,26.6667,15,FCC_face,0.393726,0.517731
0.083571,1.0357,26.6667,20,FCC_face,0.394683,0.52324
0.083571,1.0357,30.0,5,FCC_face,0.267252,0.313474
0.083571,1.0357,30.0,10,FCC_face,0.264363,0.466771
0.083571,1.0357,30.0,15,FCC_face,0.266397,0.420487
0.083571,1.0357,30.0,20,FCC_face,0.26763,0.424881
0.083571,1.0357,33.3333,5,FCC_face,0.170351,0.266732
0.083571,1.0357,33.3333,10,FCC_face,0.181242,0.284785
0.083571,1.0357,33.3333,15,FCC_face,0.179917,0.282923
0.083571,1.0357,33.3333,20,FCC_face,0.180438,0.283112
0.083571,1.0357,36.6667,5,FCC_face,0.119526,0.091538
0.083571,1.0357,36.6667,10,FCC_face,0.119889,0.091542
0.083571,1.0357,36.6667,15,FCC_face,0.120206,0.091542
0.083571,1.0357,36.6667,20,FCC_face,0.12031,0.091542
0.083571,1.0357,40.0,5,FCC_face,0.079419,0.04796
0.083571,1.0357,40.0,10,FCC_face,0.07869,0.04796
0.083571,1.0357,40.0,15,FCC_face,0.078879,0.04796
0.083571,1.0357,40.0,20,FCC_face,0.078888,0.04796
0.083571,1.2143,16.6667,5,FCC_face,0.393528,0.249479
0.083571,1.2143,16.6667,10,FCC_face,0.487552,0.915842
0.083571,1.2143,16.6667,15,FCC_face,0.610936,0.443709
0.083571,1.2143,16.6667,20,FCC_face,0.675186,0.453157
0.083571,1.2143,20.0,5,FCC_face,0.389268,0.178725
0.083571,1.2143,20.0,10,FCC_face,0.559307,0.315913
0.083571,1.2143,20.0,15,FCC_face,0.630787,0.419382
0.083571,1.2143,20.0,20,FCC_face,0.671384,0.496778
0.083571,1.2143,23.3333,5,FCC_face,0.435545,0.909375
0.083571,1.2143,23.3333,10,FCC_face,0.580105,0.500314
0.083571,1.2143,23.3333,15,FCC_face,0.607229,0.47219
0.083571,1.2143,23.3333,20,FCC_face,0.617126,0.774445
0.083571,1.2143,26.6667,5,FCC_face,0.430469,0.278148
0.083571,1.2143,26.6667,10,FCC_face,0.485611,0.737188
0.083571,1.2143,26.6667,15,FCC_face,0.50679,0.634757
0.083571,1.2143,26.6667,20,FCC_face,0.516014,0.53147
0.083571,1.2143,30.0,5,FCC_face,0.339222,0.738665
0.083571,1.2143,30.0,10,FCC_face,0.362059,0.603087
0.083571,1.2143,30.0,15,FCC_face,0.36565,0.493008
0.083571,1.2143,30.0,20,FCC_face,0.365901,0.497466
0.083571,1.2143,33.3333,5,FCC_face,0.247373,0.284582
0.083571,1.2143,33.3333,10,FCC_face,0.248121,0.382614
0.083571,1.2143,33.3333,15,FCC_face,0.253832,0.423512
0.083571,1.2143,33.3333,20,FCC_face,0.254634,0.426771
0.083571,1.2143,36.6667,5,FCC_face,0.162619,0.235237
0.083571,1.2143,36.6667,10,FCC_face,0.177012,0.265438
0.083571,1.2143,36.6667,15,FCC_face,0.175323,0.266272
0.083571,1.2143,36.6667,20,FCC_face,0.175881,0.266017
0.083571,1.2143,40.0,5,FCC_face,0.119386,0.078915
0.083571,1.2143,40.0,10,FCC_face,0.119685,0.078937
0.083571,1.2143,40.0,15,FCC_face,0.119919,0.078937
0.083571,1.2143,40.0,20,FCC_face,0.120053,0.078937
0.083571,1.3929,20.0,5,FCC_face,0.373833,0.158151
0.083571,1.3929,20.0,10,FCC_face,0.532488,0.327929
0.083571,1.3929,20.0,15,FCC_face,0.635621,0.566337
0.083571,1.3929,20.0,20,FCC_face,0.662443,0.845714
0.083571,1.3929,23.3333,5,FCC_face,0.430388,0.326674
0.083571,1.3929,23.3333,10,FCC_face,0.572144,0.96331
0.083571,1.3929,23.3333,15,FCC_face,0.62427,0.803418
0.083571,1.3929,23.3333,20,FCC_face,0.662777,0.590527
0.083571,1.3929,26.6667,5,FCC_face,0.446066,0.559805
0.083571,1.3929,26.6667,10,FCC_face,0.543134,0.410883
0.083571,1.3929,26.6667,15,FCC_face,0.590175,0.685334
0.083571,1.3929,26.6667,20,FCC_face,0.598429,0.584248
0.083571,1.3929,30.0,5,FCC_face,0.390889,0.245389
0.083571,1.3929,30.0,10,FCC_face,0.440763,0.379367
0.083571,1.3929,30.0,15,FCC_face,0.456626,0.477937
0.083571,1.3929,30.0,20,FCC_face,0.462869,0.548115
0.083571,1.3929,33.3333,5,FCC_face,0.31018,0.601943
0.083571,1.3929,33.3333,10,FCC_face,0.329289,0.391587
0.083571,1.3929,33.3333,15,FCC_face,0.331214,0.572085
0.083571,1.3929,33.3333,20,FCC_face,0.332627,0.497185
0.083571,1.3929,36.6667,5,FCC_face,0.220751,0.451235
0.083571,1.3929,36.6667,10,FCC_face,0.231953,0.441796
0.083571,1.3929,36.6667,15,FCC_face,0.238538,0.42134
0.083571,1.3929,36.6667,20,FCC_face,0.237281,0.413049
0.083571,1.3929,40.0,5,FCC_face,0.153539,0.236878
0.083571,1.3929,40.0,10,FCC_face,0.167858,0.22573
0.083571,1.3929,40.0,15,FCC_face,0.167976,0.224916
0.083571,1.3929,40.0,20,FCC_face,0.167589,0.224859
0.083571,1.5714,20.0,5,FCC_face,0.346837,0.161549
0.083571,1.5714,20.0,10,FCC_face,0.452052,0.489367
0.083571,1.5714,20.0,15,FCC_face,0.582812,0.952429
0.083571,1.5714,20.0,20,FCC_face,0.643651,0.648653
0.083571,1.5714,23.3333,5,FCC_face,0.352282,0.175903
0.083571,1.5714,23.3333,10,FCC_face,0.553915,0.377752
0.083571,1.5714,23.3333,15,FCC_face,0.616118,0.593562
0.083571,1.5714,23.3333,20,FCC_face,0.672692,0.778928
0.083571,1.5714,26.6667,5,FCC_face,0.398938,0.926488
0.083571,1.5714,26.6667,10,FCC_face,0.564623,0.381401
0.083571,1.5714,26.6667,15,FCC_face,0.616294,0.517924
0.083571,1.5714,26.6667,20,FCC_face,0.635949,0.871361
0.083571,1.5714,30.0,5,FCC_face,0.423997,0.250665
0.083571,1.5714,30.0,10,FCC_face,0.504579,0.85498
0.083571,1.5714,30.0,15,FCC_face,0.540902,0.62523
0.083571,1.5714,30.0,20,FCC_face,0.559281,0.516579
0.083571,1.5714,33.3333,5,FCC_face,0.352435,0.506112
0.083571,1.5714,33.3333,10,FCC_face,0.398593,0.786728
0.083571,1.5714,33.3333,15,FCC_face,0.412497,0.696535
0.083571,1.5714,33.3333,20,FCC_face,0.417147,0.605392
0.083571,1.5714,36.6667,5,FCC_face,0.280256,0.283936
0.083571,1.5714,36.6667,10,FCC_face,0.291187,0.637566
0.083571,1.5714,36.6667,15,FCC_face,0.298884,0.458522
0.083571,1.5714,36.6667,20,FCC_face,0.30365,0.498265
0.083571,1.5714,40.0,5,FCC_face,0.194267,0.484817
0.083571,1.5714,40.0,10,FCC_face,0.21684,0.349154
0.083571,1.5714,40.0,15,FCC_face,0.219338,0.379043
0.083571,1.5714,40.0,20,FCC_face,0.219968,0.385669
0.083571,1.75,23.3333,5,FCC_face,0.305633,0.135572
0.083571,1.75,23.3333,10,FCC_face,0.48122,0.245725
0.083571,1.75,23.3333,15,FCC_face,0.585166,0.33781
0.083571,1.75,23.3333,20,FCC_face,0.649923,0.416665
0.083571,1.75,26.6667,5,FCC_face,0.384197,0.45149
0.083571,1.75,26.6667,10,FCC_face,0.560243,0.8035
0.083571,1.75,26.6667,15,FCC_face,0.610637,0.456062
0.083571,1.75,26.6667,20,FCC_face,0.659229,0.474607
0.083571,1.75,30.0,5,FCC_face,0.419967,0.419561
0.083571,1.75,30.0,10,FCC_face,0.536245,0.465136
0.083571,1.75,30.0,15,FCC_face,0.597835,0.532762
0.083571,1.75,30.0,20,FCC_face,0.61764,0.746747
0.083571,1.75,33.3333,5,FCC_face,0.38319,0.214368
0.083571,1.75,33.3333,10,FCC_face,0.45315,0.347456
0.083571,1.75,33.3333,15,FCC_face,0.479986,0.465725
0.083571,1.75,33.3333,20,FCC_face,0.492163,0.570565
0.083571,1.75,36.6667,5,FCC_face,0.317697,0.853681
0.083571,1.75,36.6667,10,FCC_face,0.35759,0.392434
0.083571,1.75,36.6667,15,FCC_face,0.367062,0.530299
0.083571,1.75,36.6667,20,FCC_face,0.370072,0.628629
0.083571,1.75,40.0,5,FCC_face,0.246914,0.268944
0.083571,1.75,40.0,10,FCC_face,0.260261,0.367119
0.083571,1.75,40.0,15,FCC_face,0.273524,0.442352
0.083571,1.75,40.0,20,FCC_face,0.276174,0.479526
0.083571,1.9286,23.3333,5,FCC_face,0.286124,0.123215
0.083571,1.9286,23.3333,10,FCC_face,0.450048,0.246515
0.083571,1.9286,23.3333,15,FCC_face,0.571061,0.406713
0.083571,1.9286,23.3333,20,FCC_face,0.626102,0.625905
0.083571,1.9286,26.6667,5,FCC_face,0.358714,0.22277
0.083571,1.9286,26.6667,10,FCC_face,0.516062,0.746835
0.083571,1.9286,26.6667,15,FCC_face,0.594,0.949941
0.083571,1.9286,26.6667,20,FCC_face,0.665121,0.696451
0.083571,1.9286,30.0,5,FCC_face,0.386603,0.752736
0.083571,1.9286,30.0,10,FCC_face,0.548041,0.291994
0.083571,1.9286,30.0,15,FCC_face,0.614754,0.880692
0.083571,1.9286,30.0,20,FCC_face,0.639711,0.541933
0.083571,1.9286,33.3333,5,FCC_face,0.402717,0.207722
0.083571,1.9286,33.3333,10,FCC_face,0.497428,0.683412
0.083571,1.9286,33.3333,15,FCC_face,0.542202,0.825672
0.083571,1.9286,33.3333,20,FCC_face,0.567809,0.533796
0.083571,1.9286,36.6667,5,FCC_face,0.343971,0.466315
0.083571,1.9286,36.6667,10,FCC_face,0.406412,0.856186
0.083571,1.9286,36.6667,15,FCC_face,0.429543,0.790137
0.083571,1.9286,36.6667,20,FCC_face,0.439144,0.662498
0.083571,1.9286,40.0,5,FCC_face,0.285166,0.308109
0.083571,1.9286,40.0,10,FCC_face,0.311462,0.652893
0.083571,1.9286,40.0,15,FCC_face,0.322452,0.449373
0.083571,1.9286,40.0,20,FCC_face,0.330279,0.607656
0.083571,2.1071,26.6667,5,FCC_face,0.291573,0.146761
0.083571,2.1071,26.6667,10,FCC_face,0.489378,0.340463
0.083571,2.1071,26.6667,15,FCC_face,0.567615,0.587954
0.083571,2.1071,26.6667,20,FCC_face,0.641785,0.835351
0.083571,2.1071,30.0,5,FCC_face,0.341375,0.690965
0.083571,2.1071,30.0,10,FCC_face,0.529087,0.394745
0.083571,2.1071,30.0,15,FCC_face,0.605291,0.377348
0.083571,2.1071,30.0,20,FCC_face,0.646821,0.921876
0.083571,2.1071,33.3333,5,FCC_face,0.390746,0.283746
0.083571,2.1071,33.3333,10,FCC_face,0.516763,0.753799
0.083571,2.1071,33.3333,15,FCC_face,0.587172,0.394864
0.083571,2.1071,33.3333,20,FCC_face,0.618994,0.846388
0.083571,2.1071,36.6667,5,FCC_face,0.362919,0.207224
0.083571,2.1071,36.6667,10,FCC_face,0.445032,0.33092
0.083571,2.1071,36.6667,15,FCC_face,0.480182,0.42138
0.083571,2.1071,36.6667,20,FCC_face,0.497317,0.495893
0.083571,2.1071,40.0,5,FCC_face,0.3093,0.869107
0.083571,2.1071,40.0,10,FCC_face,0.362619,0.37089
0.083571,2.1071,40.0,15,FCC_face,0.379216,0.536218
0.083571,2.1071,40.0,20,FCC_face,0.385592,0.698615
0.083571,2.2857,30.0,5,FCC_face,0.325967,0.369707
0.083571,2.2857,30.0,10,FCC_face,0.506381,0.711628
0.083571,2.2857,30.0,15,FCC_face,0.576261,0.398327
0.083571,2.2857,30.0,20,FCC_face,0.644674,0.422227
0.083571,2.2857,33.3333,5,FCC_face,0.380013,0.447504
0.083571,2.2857,33.3333,10,FCC_face,0.513436,0.313804
0.083571,2.2857,33.3333,15,FCC_face,0.602715,0.716044
0.083571,2.2857,33.3333,20,FCC_face,0.635745,0.511188
0.083571,2.2857,36.6667,5,FCC_face,0.375258,0.174788
0.083571,2.2857,36.6667,10,FCC_face,0.476587,0.417641
0.083571,2.2857,36.6667,15,FCC_face,0.525723,0.857926
0.083571,2.2857,36.6667,20,FCC_face,0.553898,0.837068
0.083571,2.2857,40.0,5,FCC_face,0.326293,0.565756
0.083571,2.2857,40.0,10,FCC_face,0.398709,0.951475
0.083571,2.2857,40.0,15,FCC_face,0.428855,0.681596
0.083571,2.2857,40.0,20,FCC_face,0.442738,0.550212
0.083571,2.4643,30.0,5,FCC_face,0.305286,0.213596
0.083571,2.4643,30.0,10,FCC_face,0.454478,0.779449
0.083571,2.4643,30.0,15,FCC_face,0.557802,0.713585
0.083571,2.4643,30.0,20,FCC_face,0.6285,0.489026
0.083571,2.4643,33.3333,5,FCC_face,0.330631,0.648021
0.083571,2.4643,33.3333,10,FCC_face,0.50944,0.25395
0.083571,2.4643,33.3333,15,FCC_face,0.595663,0.801382
0.083571,2.4643,33.3333,20,FCC_face,0.636767,0.528802
0.083571,2.4643,36.6667,5,FCC_face,0.376635,0.198685
0.083571,2.4643,36.6667,10,FCC_face,0.496145,0.930538
0.083571,2.4643,36.6667,15,FCC_face,0.563503,0.524429
0.083571,2.4643,36.6667,20,FCC_face,0.604949,0.464295
0.083571,2.4643,40.0,5,FCC_face,0.338352,0.231425
0.083571,2.4643,40.0,10,FCC_face,0.426765,0.401195
0.083571,2.4643,40.0,15,FCC_face,0.467713,0.515447
0.083571,2.4643,40.0,20,FCC_face,0.488834,0.587591
0.083571,2.6429,33.3333,5,FCC_face,0.292809,0.60623
0.083571,2.6429,33.3333,10,FCC_face,0.477764,0.310528
0.083571,2.6429,33.3333,15,FCC_face,0.570842,0.364314
0.083571,2.6429,33.3333,20,FCC_face,0.626409,0.995025
0.083571,2.6429,36.6667,5,FCC_face,0.351292,0.260795
0.083571,2.6429,36.6667,10,FCC_face,0.495169,0.600559
0.083571,2.6429,36.6667,15,FCC_face,0.582039,0.360478
0.083571,2.6429,36.6667,20,FCC_face,0.625893,0.969222
0.083571,2.6429,40.0,5,FCC_face,0.346252,0.162803
0.083571,2.6429,40.0,10,FCC_face,0.449515,0.288743
0.083571,2.6429,40.0,15,FCC_face,0.501419,0.446411
0.083571,2.6429,40.0,20,FCC_face,0.530695,0.648853
0.083571,2.8214,36.6667,5,FCC_face,0.339113,0.364466
0.083571,2.8214,36.6667,10,FCC_face,0.476897,0.291217
0.083571,2.8214,36.6667,15,FCC_face,0.581003,0.605023
0.083571,2.8214,36.6667,20,FCC_face,0.626231,0.512953
0.083571,2.8214,40.0,5,FCC_face,0.349882,0.155267
0.083571,2.8214,40.0,10,FCC_face,0.467195,0.441195
0.083571,2.8214,40.0,15,FCC_face,0.531418,0.989293
0.083571,2.8214,40.0,20,FCC_face,0.572006,0.692146
0.083571,3.0,36.6667,5,FCC_face,0.305077,0.488079
0.083571,3.0,36.6667,10,FCC_face,0.469936,0.222405
0.083571,3.0,36.6667,15,FCC_face,0.563589,0.936801
0.083571,3.0,36.6667,20,FCC_face,0.615583,0.400734
0.083571,3.0,40.0,5,FCC_face,0.344534,0.172985
0.083571,3.0,40.0,10,FCC_face,0.47383,0.862188
0.083571,3.0,40.0,15,FCC_face,0.55224,0.49765
0.083571,3.0,40.0,20,FCC_face,0.604379,0.423272
0.094286,0.5,10.0,5,FCC_face,0.525824,0.595395
0.094286,0.5,10.0,10,FCC_face,0.588101,0.612703
0.094286,0.5,10.0,15,FCC_face,0.620779,0.516381
0.094286,0.5,10.0,20,FCC_face,0.631541,0.705507
0.094286,0.5,13.3333,5,FCC_face,0.47021,0.364503
0.094286,0.5,13.3333,10,FCC_face,0.510067,0.520033
0.094286,0.5,13.3333,15,FCC_face,0.506523,0.539874
0.094286,0.5,13.3333,20,FCC_face,0.508836,0.53317
0.094286,0.5,16.6667,5,FCC_face,0.358969,0.368754
0.094286,0.5,16.6667,10,FCC_face,0.365357,0.435899
0.094286,0.5,16.6667,15,FCC_face,0.366474,0.422914
0.094286,0.5,16.6667,20,FCC_face,0.366611,0.422266
0.094286,0.5,20.0,5,FCC_face,0.217979,0.307715
0.094286,0.5,20.0,10,FCC_face,0.215666,0.309736
0.094286,0.5,20.0,15,FCC_face,0.215683,0.309453
0.094286,0.5,20.0,20,FCC_face,0.215697,0.309471
0.094286,0.5,23.3333,5,FCC_face,0.125283,0.159408
0.094286,0.5,23.3333,10,FCC_face,0.125828,0.159506
0.094286,0.5,23.3333,15,FCC_face,0.125827,0.159506
0.094286,0.5,23.3333,20,FCC_face,0.125826,0.159506
0.094286,0.5,26.6667,5,FCC_face,0.074613,0.071592
0.094286,0.5,26.6667,10,FCC_face,0.074557,0.071592
0.094286,0.5,26.6667,15,FCC_face,0.074558,0.071592
0.094286,0.5,26.6667,20,FCC_face,0.074558,0.071592
0.094286,0.5,30.0,5,FCC_face,0.045504,0.043141
0.094286,0.5,30.0,10,FCC_face,0.045504,0.043141
0.094286,0.5,30.0,15,FCC_face,0.045504,0.043141
0.094286,0.5,30.0,20,FCC_face,0.045504,0.043141
0.094286,0.5,33.3333,5,FCC_face,0.029639,0.029432
0.094286,0.5,33.3333,10,FCC_face,0.029639,0.029432
0.094286,0.5,33.3333,15,FCC_face,0.029639,0.029432
0.094286,0.5,33.3333,20,FCC_face,0.029639,0.029432
0.094286,0.5,36.6667,5,FCC_face,0.020883,0.021398
0.094286,0.5,36.6667,10,FCC_face,0.020883,0.021398
0.094286,0.5,36.6667,15,FCC_face,0.020883,0.021398
0.094286,0.5,36.6667,20,FCC_face,0.020883,0.021398
0.094286,0.5,40.0,5,FCC_face,0.015549,0.016198
0.094286,0.5,40.0,10,FCC_face,0.015549,0.016198
0.094286,0.5,40.0,15,FCC_face,0.015549,0.016198
0.094286,0.5,40.0,20,FCC_face,0.015549,0.016198
0.094286,0.6786,10.0,5,FCC_face,0.43974,0.850053
0.094286,0.6786,10.0,10,FCC_face,0.572122,0.302259
0.094286,0.6786,10.0,15,FCC_face,0.627955,0.982682
0.094286,0.6786,10.0,20,FCC_face,0.689375,0.494031
0.094286,0.6786,13.3333,5,FCC_face,0.553868,0.282455
0.094286,0.6786,13.3333,10,FCC_face,0.57461,0.639206
0.094286,0.6786,13.3333,15,FCC_face,0.629977,0.811775
0.094286,0.6786,13.3333,20,FCC_face,0.62975,0.674282
0.094286,0.6786,16.6667,5,FCC_face,0.46868,0.633066
0.094286,0.6786,16.6667,10,FCC_face,0.532338,0.652075
0.094286,0.6786,16.6667,15,FCC_face,0.528502,0.51887
0.094286,0.6786,16.6667,20,FCC_face,0.531053,0.53513
0.094286,0.6786,20.0,5,FCC_face,0.374406,0.318147
0.094286,0.6786,20.0,10,FCC_face,0.385147,0.454769
0.094286,0.6786,20.0,15,FCC_face,0.387579,0.476354
0.094286,0.6786,20.0,20,FCC_face,0.388299,0.468621
0.094286,0.6786,23.3333,5,FCC_face,0.245028,0.345551
0.094286,0.6786,23.3333,10,FCC_face,0.240472,0.363494
0.094286,0.6786,23.3333,15,FCC_face,0.24044,0.359457
0.094286,0.6786,23.3333,20,FCC_face,0.240595,0.360165
0.094286,0.6786,26.6667,5,FCC_face,0.145457,0.203419
0.094286,0.6786,26.6667,10,FCC_face,0.148274,0.205682
0.094286,0.6786,26.6667,15,FCC_face,0.148059,0.205658
0.094286,0.6786,26.6667,20,FCC_face,0.148074,0.205659
0.094286,0.6786,30.0,5,FCC_face,0.091647,0.077259
0.094286,0.6786,30.0,10,FCC_face,0.091009,0.077259
0.094286,0.6786,30.0,15,FCC_face,0.090979,0.077259
0.094286,0.6786,30.0,20,FCC_face,0.090977,0.077259
0.094286,0.6786,33.3333,5,FCC_face,0.0556,0.044547
0.094286,0.6786,33.3333,10,FCC_face,0.055739,0.044547
0.094286,0.6786,33.3333,15,FCC_face,0.055738,0.044547
0.094286,0.6786,33.3333,20,FCC_face,0.055738,0.044547
0.094286,0.6786,36.6667,5,FCC_face,0.034765,0.030372
0.094286,0.6786,36.6667,10,FCC_face,0.034761,0.030372
0.094286,0.6786,36.6667,15,FCC_face,0.034761,0.030372
0.094286,0.6786,36.6667,20,FCC_face,0.034761,0.030372
0.094286,0.6786,40.0,5,FCC_face,0.023346,0.022281
0.094286,0.6786,40.0,10,FCC_face,0.023346,0.022281
0.094286,0.6786,40.0,15,FCC_face,0.023346,0.022281
0.094286,0.6786,40.0,20,FCC_face,0.023346,0.022281
0.094286,0.8571,13.3333,5,FCC_face,0.437568,0.385823
0.094286,0.8571,13.3333,10,FCC_face,0.563753,0.756874
0.094286,0.8571,13.3333,15,FCC_face,0.63703,0.40967
0.094286,0.8571,13.3333,20,FCC_face,0.688778,0.715325
0.094286,0.8571,16.6667,5,FCC_face,0.450144,0.225633
0.094286,0.8571,16.6667,10,FCC_face,0.579175,0.382395
0.094286,0.8571,16.6667,15,FCC_face,0.612192,0.483999
0.094286,0.8571,16.6667,20,FCC_face,0.629186,0.547527
0.094286,0.8571,20.0,5,FCC_face,0.452828,0.848646
0.094286,0.8571,20.0,10,FCC_face,0.522184,0.411556
0.094286,0.8571,20.0,15,FCC_face,0.532818,0.638671
0.094286,0.8571,20.0,20,FCC_face,0.531145,0.549406
0.094286,0.8571,23.3333,5,FCC_face,0.362853,0.321327
0.094286,0.8571,23.3333,10,FCC_face,0.376581,0.42424
0.094286,0.8571,23.3333,15,FCC_face,0.378872,0.462543
0.094286,0.8571,23.3333,20,FCC_face,0.379466,0.477682
0.094286,0.8571,26.6667,5,FCC_face,0.24845,0.31001
0.094286,0.8571,26.6667,10,FCC_face,0.243567,0.399751
0.094286,0.8571,26.6667,15,FCC_face,0.24461,0.382841
0.094286,0.8571,26.6667,20,FCC_face,0.245115,0.383049
0.094286,0.8571,30.0,5,FCC_face,0.151862,0.217263
0.094286,0.8571,30.0,10,FCC_face,0.157947,0.225852
0.094286,0.8571,30.0,15,FCC_face,0.157274,0.225744
0.094286,0.8571,30.0,20,FCC_face,0.157365,0.22574
0.094286,0.8571,33.3333,5,FCC_face,0.101321,0.076073
0.094286,0.8571,33.3333,10,FCC_face,0.100289,0.076073
0.094286,0.8571,33.3333,15,FCC_face,0.100181,0.076073
0.094286,0.8571,33.3333,20,FCC_face,0.100169,0.076073
0.094286,0.8571,36.6667,5,FCC_face,0.062256,0.043311
0.094286,0.8571,36.6667,10,FCC_face,0.06281,0.043311
0.094286,0.8571,36.6667,15,FCC_face,0.062788,0.043311
0.094286,0.8571,36.6667,20,FCC_face,0.062789,0.043311
0.094286,0.8571,40.0,5,FCC_face,0.039048,0.029785
0.094286,0.8571,40.0,10,FCC_face,0.03894,0.029785
0.094286,0.8571,40.0,15,FCC_face,0.038938,0.029785
0.094286,0.8571,40.0,20,FCC_face,0.038938,0.029785
0.094286,1.0357,13.3333,5,FCC_face,0.316477,0.494715
0.094286,1.0357,13.3333,10,FCC_face,0.455637,0.288345
0.094286,1.0357,13.3333,15,FCC_face,0.585842,0.52664
0.094286,1.0357,13.3333,20,FCC_face,0.678515,0.695837
0.094286,1.0357,16.6667,5,FCC_face,0.461044,0.201197
0.094286,1.0357,16.6667,10,FCC_face,0.570559,0.46553
0.094286,1.0357,16.6667,15,FCC_face,0.645387,0.830837
0.094286,1.0357,16.6667,20,FCC_face,0.662291,0.911263
0.094286,1.0357,20.0,5,FCC_face,0.467071,0.429395
0.094286,1.0357,20.0,10,FCC_face,0.580793,0.929675
0.094286,1.0357,20.0,15,FCC_face,0.599785,0.675363
0.094286,1.0357,20.0,20,FCC_face,0.618819,0.555573
0.094286,1.0357,23.3333,5,FCC_face,0.438411,0.394267
0.094286,1.0357,23.3333,10,FCC_face,0.49189,0.684153
0.094286,1.0357,23.3333,15,FCC_face,0.512803,0.480089
0.094286,1.0357,23.3333,20,FCC_face,0.516955,0.615024
0.094286,1.0357,26.6667,5,FCC_face,0.34012,0.540977
0.094286,1.0357,26.6667,10,FCC_face,0.355879,0.591572
0.094286,1.0357,26.6667,15,FCC_face,0.35775,0.520977
0.094286,1.0357,26.6667,20,FCC_face,0.357703,0.493639
0.094286,1.0357,30.0,5,FCC_face,0.237066,0.288277
0.094286,1.0357,30.0,10,FCC_face,0.234888,0.368322
0.094286,1.0357,30.0,15,FCC_face,0.238358,0.390523
0.094286,1.0357,30.0,20,FCC_face,0.238687,0.39086
0.094286,1.0357,33.3333,5,FCC_face,0.150119,0.213436
0.094286,1.0357,33.3333,10,FCC_face,0.15899,0.21966
0.094286,1.0357,33.3333,15,FCC_face,0.158235,0.220081
0.094286,1.0357,33.3333,20,FCC_face,0.158243,0.220091
0.094286,1.0357,36.6667,5,FCC_face,0.105247,0.069602
0.094286,1.0357,36.6667,10,FCC_face,0.104011,0.069605
0.094286,1.0357,36.6667,15,FCC_face,0.103795,0.069605
0.094286,1.0357,36.6667,20,FCC_face,0.103758,0.069605
0.094286,1.0357,40.0,5,FCC_face,0.065649,0.040603
0.094286,1.0357,40.0,10,FCC_face,0.066603,0.040603
0.094286,1.0357,40.0,15,FCC_face,0.066598,0.040603
0.094286,1.0357,40.0,20,FCC_face,0.066591,0.040603
0.094286,1.2143,16.6667,5,FCC_face,0.41557,0.22784
0.094286,1.2143,16.6667,10,FCC_face,0.486786,0.885306
0.094286,1.2143,16.6667,15,FCC_face,0.631358,0.589642
0.094286,1.2143,16.6667,20,FCC_face,0.661911,0.437132
0.094286,1.2143,20.0,5,FCC_face,0.393292,0.192599
0.094286,1.2143,20.0,10,FCC_face,0.575562,0.365351
0.094286,1.2143,20.0,15,FCC_face,0.627584,0.508571
0.094286,1.2143,20.0,20,FCC_face,0.66582,0.615089
0.094286,1.2143,23.3333,5,FCC_face,0.434789,0.985481
0.094286,1.2143,23.3333,10,FCC_face,0.561901,0.384491
0.094286,1.2143,23.3333,15,FCC_face,0.590737,0.633452
0.094286,1.2143,23.3333,20,FCC_face,0.595545,0.680275
0.094286,1.2143,26.6667,5,FCC_face,0.407098,0.245794
0.094286,1.2143,26.6667,10,FCC_face,0.451817,0.478262
0.094286,1.2143,26.6667,15,FCC_face,0.466417,0.651611
0.094286,1.2143,26.6667,20,FCC_face,0.47279,0.622354
0.094286,1.2143,30.0,5,FCC_face,0.31351,0.730233
0.094286,1.2143,30.0,10,FCC_face,0.328221,0.40956
0.094286,1.2143,30.0,15,FCC_face,0.328791,0.48354
0.094286,1.2143,30.0,20,FCC_face,0.328738,0.507535
0.094286,1.2143,33.3333,5,FCC_face,0.215887,0.401602
0.094286,1.2143,33.3333,10,FCC_face,0.222227,0.396268
0.094286,1.2143,33.3333,15,FCC_face,0.226793,0.386552
0.094286,1.2143,33.3333,20,FCC_face,0.22582,0.383246
0.094286,1.2143,36.6667,5,FCC_face,0.14454,0.195645
0.094286,1.2143,36.6667,10,FCC_face,0.15379,0.188925
0.094286,1.2143,36.6667,15,FCC_face,0.154296,0.18871
0.094286,1.2143,36.6667,20,FCC_face,0.153885,0.188706
0.094286,1.2143,40.0,5,FCC_face,0.105334,0.060692
0.094286,1.2143,40.0,10,FCC_face,0.103847,0.060695
0.094286,1.2143,40.0,15,FCC_face,0.103443,0.060695
0.094286,1.2143,40.0,20,FCC_face,0.103341,0.060695
0.094286,1.3929,20.0,5,FCC_face,0.368258,0.154585
0.094286,1.3929,20.0,10,FCC_face,0.531784,0.290649
0.094286,1.3929,20.0,15,FCC_face,0.631926,0.435529
0.094286,1.3929,20.0,20,FCC_face,0.667718,0.594856
0.094286,1.3929,23.3333,5,FCC_face,0.426131,0.465825
0.094286,1.3929,23.3333,10,FCC_face,0.578308,0.910566
0.094286,1.3929,23.3333,15,FCC_face,0.612409,0.535804
0.094286,1.3929,23.3333,20,FCC_face,0.646184,0.495319
0.094286,1.3929,26.6667,5,FCC_face,0.434365,0.390466
0.094286,1.3929,26.6667,10,FCC_face,0.52131,0.633786
0.094286,1.3929,26.6667,15,FCC_face,0.562206,0.471317
0.094286,1.3929,26.6667,20,FCC_face,0.572691,0.757184
0.094286,1.3929,30.0,5,FCC_face,0.366998,0.318698
0.094286,1.3929,30.0,10,FCC_face,0.408247,0.483973
0.094286,1.3929,30.0,15,FCC_face,0.420031,0.547743
0.094286,1.3929,30.0,20,FCC_face,0.423977,0.567669
0.094286,1.3929,33.3333,5,FCC_face,0.285045,0.344861
0.094286,1.3929,33.3333,10,FCC_face,0.293243,0.534963
0.094286,1.3929,33.3333,15,FCC_face,0.296583,0.445477
0.094286,1.3929,33.3333,20,FCC_face,0.29964,0.498994
0.094286,1.3929,36.6667,5,FCC_face,0.191699,0.463646
0.094286,1.3929,36.6667,10,FCC_face,0.208921,0.343702
0.094286,1.3929,36.6667,15,FCC_face,0.210696,0.356169
0.094286,1.3929,36.6667,20,FCC_face,0.210735,0.361808
0.094286,1.3929,40.0,5,FCC_face,0.137581,0.13632
0.094286,1.3929,40.0,10,FCC_face,0.14457,0.135546
0.094286,1.3929,40.0,15,FCC_face,0.147,0.135562
0.094286,1.3929,40.0,20,FCC_face,0.14673,0.135562
0.094286,1.5714,20.0,5,FCC_face,0.349529,0.152563
0.094286,1.5714,20.0,10,FCC_face,0.48495,0.393763
0.094286,1.5714,20.0,15,FCC_face,0.58665,0.848075
0.094286,1.5714,20.0,20,FCC_face,0.64012,0.926982
0.094286,1.5714,23.3333,5,FCC_face,0.386085,0.20781
0.094286,1.5714,23.3333,10,FCC_face,0.557607,0.550465
0.094286,1.5714,23.3333,15,FCC_face,0.605597,0.907589
0.094286,1.5714,23.3333,20,FCC_face,0.669646,0.959872
0.094286,1.5714,26.6667,5,FCC_face,0.416809,0.848982
0.094286,1.5714,26.6667,10,FCC_face,0.558753,0.323181
0.094286,1.5714,26.6667,15,FCC_face,0.607112,0.829315
0.094286,1.5714,26.6667,20,FCC_face,0.619992,0.571317
0.094286,1.5714,30.0,5,FCC_face,0.405718,0.217221
0.094286,1.5714,30.0,10,FCC_face,0.474398,0.506613
0.094286,1.5714,30.0,15,FCC_face,0.501541,0.794937
0.094286,1.5714,30.0,20,FCC_face,0.515226,0.670149
0.094286,1.5714,33.3333,5,FCC_face,0.330122,0.885169
0.094286,1.5714,33.3333,10,FCC_face,0.367341,0.574768
0.094286,1.5714,33.3333,15,FCC_face,0.376586,0.461943
0.094286,1.5714,33.3333,20,FCC_face,0.378829,0.521776
0.094286,1.5714,36.6667,5,FCC_face,0.253254,0.250539
0.094286,1.5714,36.6667,10,FCC_face,0.260214,0.397316
0.094286,1.5714,36.6667,15,FCC_face,0.270359,0.485065
0.094286,1.5714,36.6667,20,FCC_face,0.273338,0.478213
0.094286,1.5714,40.0,5,FCC_face,0.171467,0.251242
0.094286,1.5714,40.0,10,FCC_face,0.194852,0.341324
0.094286,1.5714,40.0,15,FCC_face,0.19295,0.318887
0.094286,1.5714,40.0,20,FCC_face,0.1953,0.322948
0.094286,1.75,23.3333,5,FCC_face,0.309561,0.142926
0.094286,1.75,23.3333,10,FCC_face,0.498383,0.268787
0.094286,1.75,23.3333,15,FCC_face,0.594636,0.377252
0.094286,1.75,23.3333,20,FCC_face,0.661684,0.468664
0.094286,1.75,26.6667,5,FCC_face,0.379651,0.669196
0.094286,1.75,26.6667,10,FCC_face,0.560667,0.530422
0.094286,1.75,26.6667,15,FCC_face,0.614636,0.387697
0.094286,1.75,26.6667,20,FCC_face,0.64413,0.690541
0.094286,1.75,30.0,5,FCC_face,0.413538,0.303543
0.094286,1.75,30.0,10,FCC_face,0.517843,0.81404
0.094286,1.75,30.0,15,FCC_face,0.57178,0.422174
0.094286,1.75,30.0,20,FCC_face,0.593262,0.753486
0.094286,1.75,33.3333,5,FCC_face,0.36293,0.273342
0.094286,1.75,33.3333,10,FCC_face,0.423227,0.438517
0.094286,1.75,33.3333,15,FCC_face,0.444856,0.525923
0.094286,1.75,33.3333,20,FCC_face,0.453801,0.569404
0.094286,1.75,36.6667,5,FCC_face,0.296243,0.448365
0.094286,1.75,36.6667,10,FCC_face,0.323352,0.418478
0.094286,1.75,36.6667,15,FCC_face,0.32929,0.58754
0.094286,1.75,36.6667,20,FCC_face,0.334006,0.496586
0.094286,1.75,40.0,5,FCC_face,0.216874,0.51083
0.094286,1.75,40.0,10,FCC_face,0.236054,0.509111
0.094286,1.75,40.0,15,FCC_face,0.246516,0.46751
0.094286,1.75,40.0,20,FCC_face,0.245161,0.446708
0.094286,1.9286,23.3333,5,FCC_face,0.286295,0.122747
0.094286,1.9286,23.3333,10,FCC_face,0.45374,0.2293
0.094286,1.9286,23.3333,15,FCC_face,0.568852,0.336318
0.094286,1.9286,23.3333,20,FCC_face,0.631746,0.452893
0.094286,1.9286,26.6667,5,FCC_face,0.365804,0.298935
0.094286,1.9286,26.6667,10,FCC_face,0.52016,0.953277
0.094286,1.9286,26.6667,15,FCC_face,0.600335,0.636536
0.094286,1.9286,26.6667,20,FCC_face,0.656186,0.470192
0.094286,1.9286,30.0,5,FCC_face,0.406519,0.552109
0.094286,1.9286,30.0,10,FCC_face,0.532367,0.316109
0.094286,1.9286,30.0,15,FCC_face,0.604023,0.849981
0.094286,1.9286,30.0,20,FCC_face,0.627104,0.486053
0.094286,1.9286,33.3333,5,FCC_face,0.386444,0.190288
0.094286,1.9286,33.3333,10,FCC_face,0.469566,0.399051
0.094286,1.9286,33.3333,15,FCC_face,0.505348,0.714453
0.094286,1.9286,33.3333,20,FCC_face,0.524032,0.819832
0.094286,1.9286,36.6667,5,FCC_face,0.324835,0.897072
0.094286,1.9286,36.6667,10,FCC_face,0.37773,0.622409
0.094286,1.9286,36.6667,15,FCC_face,0.395266,0.458651
0.094286,1.9286,36.6667,20,FCC_face,0.401458,0.518149
0.094286,1.9286,40.0,5,FCC_face,0.262443,0.228117
0.094286,1.9286,40.0,10,FCC_face,0.278805,0.526896
0.094286,1.9286,40.0,15,FCC_face,0.293281,0.583704
0.094286,1.9286,40.0,20,FCC_face,0.300241,0.481855
0.094286,2.1071,26.6667,5,FCC_face,0.324474,0.173509
0.094286,2.1071,26.6667,10,FCC_face,0.496198,0.503447
0.094286,2.1071,26.6667,15,FCC_face,0.565286,0.913185
0.094286,2.1071,26.6667,20,FCC_face,0.651838,0.958373
0.094286,2.1071,30.0,5,FCC_face,0.347781,0.80003
0.094286,2.1071,30.0,10,FCC_face,0.526837,0.300963
0.094286,2.1071,30.0,15,FCC_face,0.602962,0.557748
0.094286,2.1071,30.0,20,FCC_face,0.637728,0.790544
0.094286,2.1071,33.3333,5,FCC_face,0.396132,0.221478
0.094286,2.1071,33.3333,10,FCC_face,0.502913,0.972023
0.094286,2.1071,33.3333,15,FCC_face,0.559467,0.514038
0.094286,2.1071,33.3333,20,FCC_face,0.591486,0.496933
0.094286,2.1071,36.6667,5,FCC_face,0.345725,0.290765
0.094286,2.1071,36.6667,10,FCC_face,0.418102,0.526323
0.094286,2.1071,36.6667,15,FCC_face,0.447621,0.662451
0.094286,2.1071,36.6667,20,FCC_face,0.461206,0.7133
0.094286,2.1071,40.0,5,FCC_face,0.290728,0.438923
0.094286,2.1071,40.0,10,FCC_face,0.330544,0.396034
0.094286,2.1071,40.0,15,FCC_face,0.341719,0.65364
0.094286,2.1071,40.0,20,FCC_face,0.349584,0.496643
0.094286,2.2857,30.0,5,FCC_face,0.325737,0.536775
0.094286,2.2857,30.0,10,FCC_face,0.51575,0.478405
0.094286,2.2857,30.0,15,FCC_face,0.591123,0.338193
0.094286,2.2857,30.0,20,FCC_face,0.636739,0.637644
0.094286,2.2857,33.3333,5,FCC_face,0.377875,0.322199
0.094286,2.2857,33.3333,10,FCC_face,0.512532,0.494627
0.094286,2.2857,33.3333,15,FCC_face,0.589445,0.42486
0.094286,2.2857,33.3333,20,FCC_face,0.623214,0.912871
0.094286,2.2857,36.6667,5,FCC_face,0.360636,0.177667
0.094286,2.2857,36.6667,10,FCC_face,0.451224,0.307056
0.094286,2.2857,36.6667,15,FCC_face,0.492693,0.454523
0.094286,2.2857,36.6667,20,FCC_face,0.514433,0.622164
0.094286,2.2857,40.0,5,FCC_face,0.309848,0.993745
0.094286,2.2857,40.0,10,FCC_face,0.372343,0.48735
0.094286,2.2857,40.0,15,FCC_face,0.395761,0.419861
0.094286,2.2857,40.0,20,FCC_face,0.405144,0.615362
0.094286,2.4643,30.0,5,FCC_face,0.310742,0.290215
0.094286,2.4643,30.0,10,FCC_face,0.472371,0.803598
0.094286,2.4643,30.0,15,FCC_face,0.560484,0.459332
0.094286,2.4643,30.0,20,FCC_face,0.634569,0.388725
0.094286,2.4643,33.3333,5,FCC_face,0.362389,0.505088
0.094286,2.4643,33.3333,10,FCC_face,0.505125,0.264709
0.094286,2.4643,33.3333,15,FCC_face,0.590678,0.927565
0.094286,2.4643,33.3333,20,FCC_face,0.632078,0.426901
0.094286,2.4643,36.6667,5,FCC_face,0.369419,0.171191
0.094286,2.4643,36.6667,10,FCC_face,0.477858,0.526858
0.094286,2.4643,36.6667,15,FCC_face,0.533845,0.972256
0.094286,2.4643,36.6667,20,FCC_face,0.5682,0.597015
0.094286,2.4643,40.0,5,FCC_face,0.323647,0.387984
0.094286,2.4643,40.0,10,FCC_face,0.40263,0.851749
0.094286,2.4643,40.0,15,FCC_face,0.437738,0.90337
0.094286,2.4643,40.0,20,FCC_face,0.455078,0.756284
0.094286,2.6429,33.3333,5,FCC_face,0.304409,0.655246
0.094286,2.6429,33.3333,10,FCC_face,0.486434,0.251801
0.094286,2.6429,33.3333,15,FCC_face,0.579278,0.600002
0.094286,2.6429,33.3333,20,FCC_face,0.627439,0.650365
0.094286,2.6429,36.6667,5,FCC_face,0.361379,0.204224
0.094286,2.6429,36.6667,10,FCC_face,0.48947,0.972449
0.094286,2.6429,36.6667,15,FCC_face,0.56403,0.407355
0.094286,2.6429,36.6667,20,FCC_face,0.608549,0.522598
0.094286,2.6429,40.0,5,FCC_face,0.333402,0.19381
0.094286,2.6429,40.0,10,FCC_face,0.426927,0.320252
0.094286,2.6429,40.0,15,FCC_face,0.472191,0.407457
0.094286,2.6429,40.0,20,FCC_face,0.496537,0.471439
0.094286,2.8214,36.6667,5,FCC_face,0.339702,0.27188
0.094286,2.8214,36.6667,10,FCC_face,0.485576,0.472407
0.094286,2.8214,36.6667,15,FCC_face,0.573937,0.372138
0.094286,2.8214,36.6667,20,FCC_face,0.620681,0.973425
0.094286,2.8214,40.0,5,FCC_face,0.339569,0.151759
0.094286,2.8214,40.0,10,FCC_face,0.446726,0.292116
0.094286,2.8214,40.0,15,FCC_face,0.502593,0.516275
0.094286,2.8214,40.0,20,FCC_face,0.535343,0.816551
0.094286,3.0,36.6667,5,FCC_face,0.326536,0.376928
0.094286,3.0,36.6667,10,FCC_face,0.465141,0.258191
0.094286,3.0,36.6667,15,FCC_face,0.568458,0.690564
0.094286,3.0,36.6667,20,FCC_face,0.618415,0.437516
0.094286,3.0,40.0,5,FCC_face,0.341747,0.150986
0.094286,3.0,40.0,10,FCC_face,0.461718,0.489045
0.094286,3.0,40.0,15,FCC_face,0.529613,0.983275
0.094286,3.0,40.0,20,FCC_face,0.573952,0.562271
0.105,0.5,10.0,5,FCC_face,0.536899,0.529491
0.105,0.5,10.0,10,FCC_face,0.578934,0.695105
0.105,0.5,10.0,15,FCC_face,0.604512,0.499602
0.105,0.5,10.0,20,FCC_face,0.613865,0.647418
0.105,0.5,13.3333,5,FCC_face,0.458881,0.412879
0.105,0.5,13.3333,10,FCC_face,0.490207,0.549843
0.105,0.5,13.3333,15,FCC_face,0.486295,0.52785
0.105,0.5,13.3333,20,FCC_face,0.488216,0.509832
0.105,0.5,16.6667,5,FCC_face,0.333911,0.336214
0.105,0.5,16.6667,10,FCC_face,0.337695,0.401914
0.105,0.5,16.6667,15,FCC_face,0.338368,0.403347
0.105,0.5,16.6667,20,FCC_face,0.338493,0.402084
0.105,0.5,20.0,5,FCC_face,0.195949,0.274808
0.105,0.5,20.0,10,FCC_face,0.194386,0.283506
0.105,0.5,20.0,15,FCC_face,0.194482,0.283357
0.105,0.5,20.0,20,FCC_face,0.194485,0.283352
0.105,0.5,23.3333,5,FCC_face,0.111656,0.131792
0.105,0.5,23.3333,10,FCC_face,0.111923,0.131812
0.105,0.5,23.3333,15,FCC_face,0.11193,0.131812
0.105,0.5,23.3333,20,FCC_face,0.11193,0.131812
0.105,0.5,26.6667,5,FCC_face,0.065603,0.06204
0.105,0.5,26.6667,10,FCC_face,0.0656,0.06204
0.105,0.5,26.6667,15,FCC_face,0.0656,0.06204
0.105,0.5,26.6667,20,FCC_face,0.0656,0.06204
0.105,0.5,30.0,5,FCC_face,0.039933,0.038262
0.105,0.5,30.0,10,FCC_face,0.039933,0.038262
0.105,0.5,30.0,15,FCC_face,0.039933,0.038262
0.105,0.5,30.0,20,FCC_face,0.039933,0.038262
0.105,0.5,33.3333,5,FCC_face,0.026243,0.02633
0.105,0.5,33.3333,10,FCC_face,0.026243,0.02633
0.105,0.5,33.3333,15,FCC_face,0.026243,0.02633
0.105,0.5,33.3333,20,FCC_face,0.026243,0.02633
0.105,0.5,36.6667,5,FCC_face,0.018645,0.019219
0.105,0.5,36.6667,10,FCC_face,0.018645,0.019219
0.105,0.5,36.6667,15,FCC_face,0.018645,0.019219
0.105,0.5,36.6667,20,FCC_face,0.018645,0.019219
0.105,0.5,40.0,5,FCC_face,0.013944,0.014577
0.105,0.5,40.0,10,FCC_face,0.013944,0.014577
0.105,0.5,40.0,15,FCC_face,0.013944,0.014577
0.105,0.5,40.0,20,FCC_face,0.013944,0.014577
0.105,0.6786,10.0,5,FCC_face,0.440223,0.848645
0.105,0.6786,10.0,10,FCC_face,0.558145,0.300984
0.105,0.6786,10.0,15,FCC_face,0.618311,0.969862
0.105,0.6786,10.0,20,FCC_face,0.679498,0.485727
0.105,0.6786,13.3333,5,FCC_face,0.534937,0.262607
0.105,0.6786,13.3333,10,FCC_face,0.57696,0.528139
0.105,0.6786,13.3333,15,FCC_face,0.614007,0.726252
0.105,0.6786,13.3333,20,FCC_face,0.611827,0.716771
0.105,0.6786,16.6667,5,FCC_face,0.449299,0.765391
0.105,0.6786,16.6667,10,FCC_face,0.509977,0.533985
0.105,0.6786,16.6667,15,FCC_face,0.508323,0.489329
0.105,0.6786,16.6667,20,FCC_face,0.508293,0.54874
0.105,0.6786,20.0,5,FCC_face,0.347989,0.316946
0.105,0.6786,20.0,10,FCC_face,0.354822,0.408873
0.105,0.6786,20.0,15,FCC_face,0.355964,0.437004
0.105,0.6786,20.0,20,FCC_face,0.356311,0.443138
0.105,0.6786,23.3333,5,FCC_face,0.219998,0.294449
0.105,0.6786,23.3333,10,FCC_face,0.216185,0.333388
0.105,0.6786,23.3333,15,FCC_face,0.216705,0.331718
0.105,0.6786,23.3333,20,FCC_face,0.216791,0.331437
0.105,0.6786,26.6667,5,FCC_face,0.12955,0.16312
0.105,0.6786,26.6667,10,FCC_face,0.131524,0.163486
0.105,0.6786,26.6667,15,FCC_face,0.131516,0.163488
0.105,0.6786,26.6667,20,FCC_face,0.131503,0.163488
0.105,0.6786,30.0,5,FCC_face,0.080078,0.064933
0.105,0.6786,30.0,10,FCC_face,0.079588,0.064933
0.105,0.6786,30.0,15,FCC_face,0.079586,0.064933
0.105,0.6786,30.0,20,FCC_face,0.079587,0.064933
0.105,0.6786,33.3333,5,FCC_face,0.048103,0.039112
0.105,0.6786,33.3333,10,FCC_face,0.048133,0.039112
0.105,0.6786,33.3333,15,FCC_face,0.048134,0.039112
0.105,0.6786,33.3333,20,FCC_face,0.048134,0.039112
0.105,0.6786,36.6667,5,FCC_face,0.030054,0.02705
0.105,0.6786,36.6667,10,FCC_face,0.030056,0.02705
0.105,0.6786,36.6667,15,FCC_face,0.030056,0.02705
0.105,0.6786,36.6667,20,FCC_face,0.030056,0.02705
0.105,0.6786,40.0,5,FCC_face,0.020561,0.01997
0.105,0.6786,40.0,10,FCC_face,0.020561,0.01997
0.105,0.6786,40.0,15,FCC_face,0.020561,0.01997
0.105,0.6786,40.0,20,FCC_face,0.020561,0.01997
0.105,0.8571,13.3333,5,FCC_face,0.470865,0.346854
0.105,0.8571,13.3333,10,FCC_face,0.557272,0.916744
0.105,0.8571,13.3333,15,FCC_face,0.633231,0.438467
0.105,0.8571,13.3333,20,FCC_face,0.683661,0.584547
0.105,0.8571,16.6667,5,FCC_face,0.448728,0.243611
0.105,0.8571,16.6667,10,FCC_face,0.580362,0.438889
0.105,0.8571,16.6667,15,FCC_face,0.59735,0.564899
0.105,0.8571,16.6667,20,FCC_face,0.614005,0.62812
0.105,0.8571,20.0,5,FCC_face,0.444207,0.6511
0.105,0.8571,20.0,10,FCC_face,0.494833,0.430181
0.105,0.8571,20.0,15,FCC_face,0.508231,0.601407
0.105,0.8571,20.0,20,FCC_face,0.507064,0.524406
0.105,0.8571,23.3333,5,FCC_face,0.336998,0.405639
0.105,0.8571,23.3333,10,FCC_face,0.346261,0.482445
0.105,0.8571,23.3333,15,FCC_face,0.34701,0.476538
0.105,0.8571,23.3333,20,FCC_face,0.346952,0.468442
0.105,0.8571,26.6667,5,FCC_face,0.22193,0.29003
0.105,0.8571,26.6667,10,FCC_face,0.218738,0.343162
0.105,0.8571,26.6667,15,FCC_face,0.220507,0.352086
0.105,0.8571,26.6667,20,FCC_face,0.220562,0.352134
0.105,0.8571,30.0,5,FCC_face,0.135452,0.173517
0.105,0.8571,30.0,10,FCC_face,0.139627,0.173351
0.105,0.8571,30.0,15,FCC_face,0.139614,0.173352
0.105,0.8571,30.0,20,FCC_face,0.139537,0.173352
0.105,0.8571,33.3333,5,FCC_face,0.088796,0.062565
0.105,0.8571,33.3333,10,FCC_face,0.087468,0.062565
0.105,0.8571,33.3333,15,FCC_face,0.087377,0.062565
0.105,0.8571,33.3333,20,FCC_face,0.087373,0.062565
0.105,0.8571,36.6667,5,FCC_face,0.053407,0.037773
0.105,0.8571,36.6667,10,FCC_face,0.053809,0.037773
0.105,0.8571,36.6667,15,FCC_face,0.053803,0.037773
0.105,0.8571,36.6667,20,FCC_face,0.053803,0.037773
0.105,0.8571,40.0,5,FCC_face,0.03302,0.026447
0.105,0.8571,40.0,10,FCC_face,0.033009,0.026447
0.105,0.8571,40.0,15,FCC_face,0.033009,0.026447
0.105,0.8571,40.0,20,FCC_face,0.033009,0.026447
0.105,1.0357,13.3333,5,FCC_face,0.325007,0.459817
0.105,1.0357,13.3333,10,FCC_face,0.477204,0.333987
0.105,1.0357,13.3333,15,FCC_face,0.605397,0.45031
0.105,1.0357,13.3333,20,FCC_face,0.681097,0.88013
0.105,1.0357,16.6667,5,FCC_face,0.44989,0.191367
0.105,1.0357,16.6667,10,FCC_face,0.574568,0.388951
0.105,1.0357,16.6667,15,FCC_face,0.646692,0.633482
0.105,1.0357,16.6667,20,FCC_face,0.653279,0.831931
0.105,1.0357,20.0,5,FCC_face,0.455077,0.59723
0.105,1.0357,20.0,10,FCC_face,0.575603,0.785788
0.105,1.0357,20.0,15,FCC_face,0.583803,0.512373
0.105,1.0357,20.0,20,FCC_face,0.597092,0.534921
0.105,1.0357,23.3333,5,FCC_face,0.421915,0.310552
0.105,1.0357,23.3333,10,FCC_face,0.463602,0.722084
0.105,1.0357,23.3333,15,FCC_face,0.479008,0.53361
0.105,1.0357,23.3333,20,FCC_face,0.484259,0.517891
0.105,1.0357,26.6667,5,FCC_face,0.315684,0.703512
0.105,1.0357,26.6667,10,FCC_face,0.325833,0.47667
0.105,1.0357,26.6667,15,FCC_face,0.325767,0.44198
0.105,1.0357,26.6667,20,FCC_face,0.325237,0.466293
0.105,1.0357,30.0,5,FCC_face,0.209402,0.355197
0.105,1.0357,30.0,10,FCC_face,0.211791,0.356792
0.105,1.0357,30.0,15,FCC_face,0.214654,0.354654
0.105,1.0357,30.0,20,FCC_face,0.21405,0.35413
0.105,1.0357,33.3333,5,FCC_face,0.134557,0.15992
0.105,1.0357,33.3333,10,FCC_face,0.139752,0.157746
0.105,1.0357,33.3333,15,FCC_face,0.140306,0.157731
0.105,1.0357,33.3333,20,FCC_face,0.140096,0.157731
0.105,1.0357,36.6667,5,FCC_face,0.092442,0.056912
0.105,1.0357,36.6667,10,FCC_face,0.090506,0.056913
0.105,1.0357,36.6667,15,FCC_face,0.090281,0.056913
0.105,1.0357,36.6667,20,FCC_face,0.090263,0.056913
0.105,1.0357,40.0,5,FCC_face,0.055812,0.035319
0.105,1.0357,40.0,10,FCC_face,0.056842,0.035319
0.105,1.0357,40.0,15,FCC_face,0.056776,0.035319
0.105,1.0357,40.0,20,FCC_face,0.056781,0.035319
0.105,1.2143,16.6667,5,FCC_face,0.426257,0.210063
0.105,1.2143,16.6667,10,FCC_face,0.490186,0.753451
0.105,1.2143,16.6667,15,FCC_face,0.634094,0.798564
0.105,1.2143,16.6667,20,FCC_face,0.657479,0.487059
0.105,1.2143,20.0,5,FCC_face,0.41351,0.216978
0.105,1.2143,20.0,10,FCC_face,0.583697,0.472722
0.105,1.2143,20.0,15,FCC_face,0.613778,0.70606
0.105,1.2143,20.0,20,FCC_face,0.652325,0.824532
0.105,1.2143,23.3333,5,FCC_face,0.444955,0.799184
0.105,1.2143,23.3333,10,FCC_face,0.542304,0.359533
0.105,1.2143,23.3333,15,FCC_face,0.572191,0.798572
0.105,1.2143,23.3333,20,FCC_face,0.575216,0.526882
0.105,1.2143,26.6667,5,FCC_face,0.384157,0.249961
0.105,1.2143,26.6667,10,FCC_face,0.421,0.386013
0.105,1.2143,26.6667,15,FCC_face,0.431455,0.48364
0.105,1.2143,26.6667,20,FCC_face,0.435369,0.540716
0.105,1.2143,30.0,5,FCC_face,0.290022,0.459415
0.105,1.2143,30.0,10,FCC_face,0.296636,0.412443
0.105,1.2143,30.0,15,FCC_face,0.296749,0.484577
0.105,1.2143,30.0,20,FCC_face,0.297936,0.453942
0.105,1.2143,33.3333,5,FCC_face,0.189503,0.435252
0.105,1.2143,33.3333,10,FCC_face,0.201307,0.33815
0.105,1.2143,33.3333,15,FCC_face,0.202717,0.33717
0.105,1.2143,33.3333,20,FCC_face,0.202389,0.340331
0.105,1.2143,36.6667,5,FCC_face,0.130329,0.123022
0.105,1.2143,36.6667,10,FCC_face,0.134638,0.122626
0.105,1.2143,36.6667,15,FCC_face,0.136141,0.122629
0.105,1.2143,36.6667,20,FCC_face,0.136078,0.122629
0.105,1.2143,40.0,5,FCC_face,0.092213,0.049993
0.105,1.2143,40.0,10,FCC_face,0.089821,0.049994
0.105,1.2143,40.0,15,FCC_face,0.089571,0.049994
0.105,1.2143,40.0,20,FCC_face,0.089581,0.049994
0.105,1.3929,20.0,5,FCC_face,0.362491,0.15478
0.105,1.3929,20.0,10,FCC_face,0.528946,0.277245
0.105,1.3929,20.0,15,FCC_face,0.617739,0.381699
0.105,1.3929,20.0,20,FCC_face,0.659895,0.474651
0.105,1.3929,23.3333,5,FCC_face,0.417596,0.672202
0.105,1.3929,23.3333,10,FCC_face,0.577284,0.643043
0.105,1.3929,23.3333,15,FCC_face,0.606491,0.429719
0.105,1.3929,23.3333,20,FCC_face,0.625739,0.599235
0.105,1.3929,26.6667,5,FCC_face,0.4261,0.297202
0.105,1.3929,26.6667,10,FCC_face,0.498039,0.882664
0.105,1.3929,26.6667,15,FCC_face,0.53066,0.480427
0.105,1.3929,26.6667,20,FCC_face,0.543426,0.577454
0.105,1.3929,30.0,5,FCC_face,0.345248,0.503024
0.105,1.3929,30.0,10,FCC_face,0.379294,0.709879
0.105,1.3929,30.0,15,FCC_face,0.387841,0.626555
0.105,1.3929,30.0,20,FCC_face,0.390135,0.559278
0.105,1.3929,33.3333,5,FCC_face,0.260781,0.259819
0.105,1.3929,33.3333,10,FCC_face,0.263105,0.486645
0.105,1.3929,33.3333,15,FCC_face,0.269503,0.469205
0.105,1.3929,33.3333,20,FCC_face,0.272367,0.439198
0.105,1.3929,36.6667,5,FCC_face,0.170197,0.266747
0.105,1.3929,36.6667,10,FCC_face,0.189062,0.317946
0.105,1.3929,36.6667,15,FCC_face,0.187311,0.307969
0.105,1.3929,36.6667,20,FCC_face,0.188886,0.309928
0.105,1.3929,40.0,5,FCC_face,0.124625,0.08805
0.105,1.3929,40.0,10,FCC_face,0.12731,0.088166
0.105,1.3929,40.0,15,FCC_face,0.128687,0.088166
0.105,1.3929,40.0,20,FCC_face,0.129114,0.088166
0.105,1.5714,20.0,5,FCC_face,0.348582,0.145982
0.105,1.5714,20.0,10,FCC_face,0.501693,0.329348
0.105,1.5714,20.0,15,FCC_face,0.602715,0.639829
0.105,1.5714,20.0,20,FCC_face,0.637354,0.968413
0.105,1.5714,23.3333,5,FCC_face,0.403893,0.25802
0.105,1.5714,23.3333,10,FCC_face,0.551853,0.819231
0.105,1.5714,23.3333,15,FCC_face,0.608231,0.945556
0.105,1.5714,23.3333,20,FCC_face,0.660807,0.697127
0.105,1.5714,26.6667,5,FCC_face,0.429419,0.629146
0.105,1.5714,26.6667,10,FCC_face,0.538885,0.339957
0.105,1.5714,26.6667,15,FCC_face,0.591593,0.840083
0.105,1.5714,26.6667,20,FCC_face,0.603361,0.501464
0.105,1.5714,30.0,5,FCC_face,0.386347,0.213945
0.105,1.5714,30.0,10,FCC_face,0.445604,0.366083
0.105,1.5714,30.0,15,FCC_face,0.466865,0.521574
0.105,1.5714,30.0,20,FCC_face,0.476324,0.634882
0.105,1.5714,33.3333,5,FCC_face,0.309664,0.759482
0.105,1.5714,33.3333,10,FCC_face,0.337868,0.378418
0.105,1.5714,33.3333,15,FCC_face,0.342506,0.534136
0.105,1.5714,33.3333,20,FCC_face,0.343948,0.554039
0.105,1.5714,36.6667,5,FCC_face,0.225925,0.351198
0.105,1.5714,36.6667,10,FCC_face,0.236696,0.400335
0.105,1.5714,36.6667,15,FCC_face,0.246118,0.413683
0.105,1.5714,36.6667,20,FCC_face,0.245683,0.420176
0.105,1.5714,40.0,5,FCC_face,0.154645,0.242975
0.105,1.5714,40.0,10,FCC_face,0.173973,0.250739
0.105,1.5714,40.0,15,FCC_face,0.172947,0.254195
0.105,1.5714,40.0,20,FCC_face,0.173286,0.254762
0.105,1.75,23.3333,5,FCC_face,0.323063,0.155759
0.105,1.75,23.3333,10,FCC_face,0.526161,0.324971
0.105,1.75,23.3333,15,FCC_face,0.598986,0.503169
0.105,1.75,23.3333,20,FCC_face,0.659648,0.670975
0.105,1.75,26.6667,5,FCC_face,0.377418,0.873098
0.105,1.75,26.6667,10,FCC_face,0.549028,0.379576
0.105,1.75,26.6667,15,FCC_face,0.605775,0.450461
0.105,1.75,26.6667,20,FCC_face,0.630682,0.925892
0.105,1.75,30.0,5,FCC_face,0.411096,0.240463
0.105,1.75,30.0,10,FCC_face,0.498709,0.926449
0.105,1.75,30.0,15,FCC_face,0.541137,0.548957
0.105,1.75,30.0,20,FCC_face,0.563162,0.505701
0.105,1.75,33.3333,5,FCC_face,0.34416,0.431765
0.105,1.75,33.3333,10,FCC_face,0.396294,0.75727
0.105,1.75,33.3333,15,FCC_face,0.413767,0.744776
0.105,1.75,33.3333,20,FCC_face,0.420372,0.655369
0.105,1.75,36.6667,5,FCC_face,0.275695,0.278858
0.105,1.75,36.6667,10,FCC_face,0.291016,0.664433
0.105,1.75,36.6667,15,FCC_face,0.29968,0.435008
0.105,1.75,36.6667,20,FCC_face,0.305555,0.524302
0.105,1.75,40.0,5,FCC_face,0.191548,0.545846
0.105,1.75,40.0,10,FCC_face,0.216185,0.357103
0.105,1.75,40.0,15,FCC_face,0.220623,0.375249
0.105,1.75,40.0,20,FCC_face,0.220967,0.394035
0.105,1.9286,23.3333,5,FCC_face,0.286513,0.124804
0.105,1.9286,23.3333,10,FCC_face,0.457854,0.227619
0.105,1.9286,23.3333,15,FCC_face,0.563825,0.315555
0.105,1.9286,23.3333,20,FCC_face,0.631061,0.393124
0.105,1.9286,26.6667,5,FCC_face,0.364833,0.41747
0.105,1.9286,26.6667,10,FCC_face,0.540562,0.793832
0.105,1.9286,26.6667,15,FCC_face,0.594897,0.437204
0.105,1.9286,26.6667,20,FCC_face,0.648396,0.446464
0.105,1.9286,30.0,5,FCC_face,0.403332,0.396093
0.105,1.9286,30.0,10,FCC_face,0.522979,0.438418
0.105,1.9286,30.0,15,FCC_face,0.58875,0.513582
0.105,1.9286,30.0,20,FCC_face,0.611622,0.739847
0.105,1.9286,33.3333,5,FCC_face,0.369816,0.198881
0.105,1.9286,33.3333,10,FCC_face,0.443412,0.325769
0.105,1.9286,33.3333,15,FCC_face,0.473144,0.44265
0.105,1.9286,33.3333,20,FCC_face,0.487213,0.553359
0.105,1.9286,36.6667,5,FCC_face,0.307062,0.839424
0.105,1.9286,36.6667,10,FCC_face,0.350395,0.368327
0.105,1.9286,36.6667,15,FCC_face,0.361753,0.530372
0.105,1.9286,36.6667,20,FCC_face,0.365693,0.636403
0.105,1.9286,40.0,5,FCC_face,0.238705,0.257303
0.105,1.9286,40.0,10,FCC_face,0.254315,0.350374
0.105,1.9286,40.0,15,FCC_face,0.269242,0.425575
0.105,1.9286,40.0,20,FCC_face,0.272447,0.470834
0.105,2.1071,26.6667,5,FCC_face,0.342557,0.214038
0.105,2.1071,26.6667,10,FCC_face,0.496036,0.755084
0.105,2.1071,26.6667,15,FCC_face,0.579221,0.912064
0.105,2.1071,26.6667,20,FCC_face,0.649759,0.640723
0.105,2.1071,30.0,5,FCC_face,0.375418,0.700146
0.105,2.1071,30.0,10,FCC_face,0.53182,0.272794
0.105,2.1071,30.0,15,FCC_face,0.601131,0.929934
0.105,2.1071,30.0,20,FCC_face,0.628816,0.49376
0.105,2.1071,33.3333,5,FCC_face,0.386757,0.189477
0.105,2.1071,33.3333,10,FCC_face,0.482394,0.60008
0.105,2.1071,33.3333,15,FCC_face,0.528418,0.892681
0.105,2.1071,33.3333,20,FCC_face,0.555443,0.555023
0.105,2.1071,36.6667,5,FCC_face,0.329605,0.5072
0.105,2.1071,36.6667,10,FCC_face,0.393504,0.913606
0.105,2.1071,36.6667,15,FCC_face,0.418214,0.735357
0.105,2.1071,36.6667,20,FCC_face,0.428876,0.59249
0.105,2.1071,40.0,5,FCC_face,0.272747,0.265614
0.105,2.1071,40.0,10,FCC_face,0.299073,0.736703
0.105,2.1071,40.0,15,FCC_face,0.312415,0.425524
0.105,2.1071,40.0,20,FCC_face,0.321469,0.587864
0.105,2.2857,30.0,5,FCC_face,0.326193,0.710902
0.105,2.2857,30.0,10,FCC_face,0.51032,0.343459
0.105,2.2857,30.0,15,FCC_face,0.589491,0.383205
0.105,2.2857,30.0,20,FCC_face,0.632568,0.988816
0.105,2.2857,33.3333,5,FCC_face,0.377843,0.246971
0.105,2.2857,33.3333,10,FCC_face,0.500978,0.872479
0.105,2.2857,33.3333,15,FCC_face,0.570703,0.380798
0.105,2.2857,33.3333,20,FCC_face,0.605662,0.705627
0.105,2.2857,36.6667,5,FCC_face,0.346254,0.210179
0.105,2.2857,36.6667,10,FCC_face,0.427792,0.341324
0.105,2.2857,36.6667,15,FCC_face,0.463587,0.42733
0.105,2.2857,36.6667,20,FCC_face,0.481333,0.487417
0.105,2.2857,40.0,5,FCC_face,0.294337,0.694407
0.105,2.2857,40.0,10,FCC_face,0.346452,0.327704
0.105,2.2857,40.0,15,FCC_face,0.362408,0.667662
0.105,2.2857,40.0,20,FCC_face,0.369846,0.588048
0.105,2.4643,30.0,5,FCC_face,0.311674,0.404071
0.105,2.4643,30.0,10,FCC_face,0.497044,0.596654
0.105,2.4643,30.0,15,FCC_face,0.56505,0.345965
0.105,2.4643,30.0,20,FCC_face,0.627139,0.447825
0.105,2.4643,33.3333,5,FCC_face,0.366289,0.373383
0.105,2.4643,33.3333,10,FCC_face,0.499344,0.344509
0.105,2.4643,33.3333,15,FCC_face,0.587371,0.546602
0.105,2.4643,33.3333,20,FCC_face,0.623429,0.620821
0.105,2.4643,36.6667,5,FCC_face,0.357746,0.162844
0.105,2.4643,36.6667,10,FCC_face,0.456282,0.334651
0.105,2.4643,36.6667,15,FCC_face,0.504266,0.634042
0.105,2.4643,36.6667,20,FCC_face,0.531335,0.894926
0.105,2.4643,40.0,5,FCC_face,0.309713,0.757373
0.105,2.4643,40.0,10,FCC_face,0.380136,0.755794
0.105,2.4643,40.0,15,FCC_face,0.409717,0.484077
0.105,2.4643,40.0,20,FCC_face,0.423283,0.472689
0.105,2.6429,33.3333,5,FCC_face,0.337422,0.563132
0.105,2.6429,33.3333,10,FCC_face,0.496685,0.23938
0.105,2.6429,33.3333,15,FCC_face,0.580856,0.975839
0.105,2.6429,33.3333,20,FCC_face,0.622894,0.425574
0.105,2.6429,36.6667,5,FCC_face,0.362836,0.17257
0.105,2.6429,36.6667,10,FCC_face,0.477615,0.703769
0.105,2.6429,36.6667,15,FCC_face,0.540916,0.744533
0.105,2.6429,36.6667,20,FCC_face,0.581467,0.451567
0.105,2.6429,40.0,5,FCC_face,0.320921,0.278167
0.105,2.6429,40.0,10,FCC_face,0.40597,0.568817
0.105,2.6429,40.0,15,FCC_face,0.445814,0.771256
0.105,2.6429,40.0,20,FCC_face,0.466532,0.840332
0.105,2.8214,36.6667,5,FCC_face,0.342254,0.21368
0.105,2.8214,36.6667,10,FCC_face,0.47905,0.842226
0.105,2.8214,36.6667,15,FCC_face,0.562086,0.345882
0.105,2.8214,36.6667,20,FCC_face,0.609218,0.671689
0.105,2.8214,40.0,5,FCC_face,0.328726,0.167733
0.105,2.8214,40.0,10,FCC_face,0.427095,0.276466
0.105,2.8214,40.0,15,FCC_face,0.476645,0.366361
0.105,2.8214,40.0,20,FCC_face,0.504353,0.452233
0.105,3.0,36.6667,5,FCC_face,0.328913,0.287427
0.105,3.0,36.6667,10,FCC_face,0.472607,0.372337
0.105,3.0,36.6667,15,FCC_face,0.56503,0.408401
0.105,3.0,36.6667,20,FCC_face,0.615688,0.801753
0.105,3.0,40.0,5,FCC_face,0.333351,0.143709
0.105,3.0,40.0,10,FCC_face,0.444281,0.309772
0.105,3.0,40.0,15,FCC_face,0.504182,0.645977
0.105,3.0,40.0,20,FCC_face,0.540711,0.968876
0.115714,0.5,10.0,5,FCC_face,0.549299,0.475379
0.115714,0.5,10.0,10,FCC_face,0.565298,0.75398
0.115714,0.5,10.0,15,FCC_face,0.590121,0.505271
0.115714,0.5,10.0,20,FCC_face,0.598381,0.591044
0.115714,0.5,13.3333,5,FCC_face,0.444123,0.471415
0.115714,0.5,13.3333,10,FCC_face,0.471373,0.54794
0.115714,0.5,13.3333,15,FCC_face,0.46796,0.497354
0.115714,0.5,13.3333,20,FCC_face,0.469082,0.48552
0.115714,0.5,16.6667,5,FCC_face,0.310951,0.325614
0.115714,0.5,16.6667,10,FCC_face,0.312853,0.37621
0.115714,0.5,16.6667,15,FCC_face,0.313145,0.382615
0.115714,0.5,16.6667,20,FCC_face,0.313208,0.383042
0.115714,0.5,20.0,5,FCC_face,0.177293,0.253972
0.115714,0.5,20.0,10,FCC_face,0.176559,0.258723
0.115714,0.5,20.0,15,FCC_face,0.176642,0.258823
0.115714,0.5,20.0,20,FCC_face,0.176638,0.258824
0.115714,0.5,23.3333,5,FCC_face,0.100371,0.111029
0.115714,0.5,23.3333,10,FCC_face,0.100425,0.11103
0.115714,0.5,23.3333,15,FCC_face,0.100428,0.11103
0.115714,0.5,23.3333,20,FCC_face,0.100429,0.11103
0.115714,0.5,26.6667,5,FCC_face,0.058303,0.054805
0.115714,0.5,26.6667,10,FCC_face,0.058317,0.054805
0.115714,0.5,26.6667,15,FCC_face,0.058317,0.054805
0.115714,0.5,26.6667,20,FCC_face,0.058317,0.054805
0.115714,0.5,30.0,5,FCC_face,0.035508,0.034389
0.115714,0.5,30.0,10,FCC_face,0.035507,0.034389
0.115714,0.5,30.0,15,FCC_face,0.035507,0.034389
0.115714,0.5,30.0,20,FCC_face,0.035507,0.034389
0.115714,0.5,33.3333,5,FCC_face,0.023551,0.023824
0.115714,0.5,33.3333,10,FCC_face,0.023551,0.023824
0.115714,0.5,33.3333,15,FCC_face,0.023551,0.023824
0.115714,0.5,33.3333,20,FCC_face,0.023551,0.023824
0.115714,0.5,36.6667,5,FCC_face,0.016844,0.017443
0.115714,0.5,36.6667,10,FCC_face,0.016844,0.017443
0.115714,0.5,36.6667,15,FCC_face,0.016844,0.017443
0.115714,0.5,36.6667,20,FCC_face,0.016844,0.017443
0.115714,0.5,40.0,5,FCC_face,0.012641,0.013251
0.115714,0.5,40.0,10,FCC_face,0.012641,0.013251
0.115714,0.5,40.0,15,FCC_face,0.012641,0.013251
0.115714,0.5,40.0,20,FCC_face,0.012641,0.013251
0.115714,0.6786,10.0,5,FCC_face,0.439787,0.821832
0.115714,0.6786,10.0,10,FCC_face,0.545536,0.306128
0.115714,0.6786,10.0,15,FCC_face,0.610573,0.88824
0.115714,0.6786,10.0,20,FCC_face,0.671022,0.503406
0.115714,0.6786,13.3333,5,FCC_face,0.513898,0.249243
0.115714,0.6786,13.3333,10,FCC_face,0.570947,0.455176
0.115714,0.6786,13.3333,15,FCC_face,0.601268,0.615671
0.115714,0.6786,13.3333,20,FCC_face,0.596756,0.675079
0.115714,0.6786,16.6667,5,FCC_face,0.434457,0.806061
0.115714,0.6786,16.6667,10,FCC_face,0.487388,0.453413
0.115714,0.6786,16.6667,15,FCC_face,0.488584,0.507478
0.115714,0.6786,16.6667,20,FCC_face,0.487415,0.534499
0.115714,0.6786,20.0,5,FCC_face,0.324138,0.347299
0.115714,0.6786,20.0,10,FCC_face,0.328047,0.408877
0.115714,0.6786,20.0,15,FCC_face,0.328287,0.420119
0.115714,0.6786,20.0,20,FCC_face,0.328319,0.422513
0.115714,0.6786,23.3333,5,FCC_face,0.198078,0.282413
0.115714,0.6786,23.3333,10,FCC_face,0.19608,0.302092
0.115714,0.6786,23.3333,15,FCC_face,0.196696,0.304005
0.115714,0.6786,23.3333,20,FCC_face,0.196657,0.304098
0.115714,0.6786,26.6667,5,FCC_face,0.116616,0.129731
0.115714,0.6786,26.6667,10,FCC_face,0.117631,0.129668
0.115714,0.6786,26.6667,15,FCC_face,0.117719,0.129668
0.115714,0.6786,26.6667,20,FCC_face,0.117715,0.129668
0.115714,0.6786,30.0,5,FCC_face,0.070406,0.056197
0.115714,0.6786,30.0,10,FCC_face,0.070244,0.056197
0.115714,0.6786,30.0,15,FCC_face,0.070254,0.056197
0.115714,0.6786,30.0,20,FCC_face,0.070254,0.056197
0.115714,0.6786,33.3333,5,FCC_face,0.042079,0.034896
0.115714,0.6786,33.3333,10,FCC_face,0.042058,0.034896
0.115714,0.6786,33.3333,15,FCC_face,0.042058,0.034896
0.115714,0.6786,33.3333,20,FCC_face,0.042058,0.034896
0.115714,0.6786,36.6667,5,FCC_face,0.026438,0.024393
0.115714,0.6786,36.6667,10,FCC_face,0.026439,0.024393
0.115714,0.6786,36.6667,15,FCC_face,0.026439,0.024393
0.115714,0.6786,36.6667,20,FCC_face,0.026439,0.024393
0.115714,0.6786,40.0,5,FCC_face,0.018394,0.018096
0.115714,0.6786,40.0,10,FCC_face,0.018394,0.018096
0.115714,0.6786,40.0,15,FCC_face,0.018394,0.018096
0.115714,0.6786,40.0,20,FCC_face,0.018394,0.018096
0.115714,0.8571,13.3333,5,FCC_face,0.49682,0.314538
0.115714,0.8571,13.3333,10,FCC_face,0.548326,0.995283
0.115714,0.8571,13.3333,15,FCC_face,0.637174,0.502595
0.115714,0.8571,13.3333,20,FCC_face,0.669534,0.513553
0.115714,0.8571,16.6667,5,FCC_face,0.458618,0.274121
0.115714,0.8571,16.6667,10,FCC_face,0.5746,0.54229
0.115714,0.8571,16.6667,15,FCC_face,0.579511,0.685265
0.115714,0.8571,16.6667,20,FCC_face,0.597393,0.7005
0.115714,0.8571,20.0,5,FCC_face,0.428796,0.493471
0.115714,0.8571,20.0,10,FCC_face,0.470006,0.511699
0.115714,0.8571,20.0,15,FCC_face,0.483074,0.503837
0.115714,0.8571,20.0,20,FCC_face,0.483306,0.551701
0.115714,0.8571,23.3333,5,FCC_face,0.313867,0.526987
0.115714,0.8571,23.3333,10,FCC_face,0.319377,0.490187
0.115714,0.8571,23.3333,15,FCC_face,0.318976,0.445278
0.115714,0.8571,23.3333,20,FCC_face,0.318553,0.437974
0.115714,0.8571,26.6667,5,FCC_face,0.198353,0.319152
0.115714,0.8571,26.6667,10,FCC_face,0.198538,0.321299
0.115714,0.8571,26.6667,15,FCC_face,0.199955,0.321188
0.115714,0.8571,26.6667,20,FCC_face,0.19967,0.321186
0.115714,0.8571,30.0,5,FCC_face,0.122252,0.130397
0.115714,0.8571,30.0,10,FCC_face,0.124381,0.130015
0.115714,0.8571,30.0,15,FCC_face,0.12472,0.130015
0.115714,0.8571,30.0,20,FCC_face,0.12469,0.130015
0.115714,0.8571,33.3333,5,FCC_face,0.077676,0.053451
0.115714,0.8571,33.3333,10,FCC_face,0.0768,0.053451
0.115714,0.8571,33.3333,15,FCC_face,0.076833,0.053451
0.115714,0.8571,33.3333,20,FCC_face,0.076839,0.053451
0.115714,0.8571,36.6667,5,FCC_face,0.04649,0.033544
0.115714,0.8571,36.6667,10,FCC_face,0.046556,0.033544
0.115714,0.8571,36.6667,15,FCC_face,0.046563,0.033544
0.115714,0.8571,36.6667,20,FCC_face,0.046563,0.033544
0.115714,0.8571,40.0,5,FCC_face,0.028427,0.023796
0.115714,0.8571,40.0,10,FCC_face,0.028442,0.023796
0.115714,0.8571,40.0,15,FCC_face,0.028442,0.023796
0.115714,0.8571,40.0,20,FCC_face,0.028442,0.023796
0.115714,1.0357,13.3333,5,FCC_face,0.335612,0.424214
0.115714,1.0357,13.3333,10,FCC_face,0.500336,0.397209
0.115714,1.0357,13.3333,15,FCC_face,0.612164,0.400072
0.115714,1.0357,13.3333,20,FCC_face,0.675365,0.989976
0.115714,1.0357,16.6667,5,FCC_face,0.437278,0.185702
0.115714,1.0357,16.6667,10,FCC_face,0.5685,0.344544
0.115714,1.0357,16.6667,15,FCC_face,0.637757,0.504687
0.115714,1.0357,16.6667,20,FCC_face,0.648889,0.652827
0.115714,1.0357,20.0,5,FCC_face,0.442022,0.804957
0.115714,1.0357,20.0,10,FCC_face,0.561153,0.583828
0.115714,1.0357,20.0,15,FCC_face,0.571195,0.459433
0.115714,1.0357,20.0,20,FCC_face,0.576743,0.627223
0.115714,1.0357,23.3333,5,FCC_face,0.402118,0.268386
0.115714,1.0357,23.3333,10,FCC_face,0.435746,0.552758
0.115714,1.0357,23.3333,15,FCC_face,0.4466,0.606951
0.115714,1.0357,23.3333,20,FCC_face,0.45102,0.528736
0.115714,1.0357,26.6667,5,FCC_face,0.293558,0.5964
0.115714,1.0357,26.6667,10,FCC_face,0.29831,0.386599
0.115714,1.0357,26.6667,15,FCC_face,0.297188,0.451765
0.115714,1.0357,26.6667,20,FCC_face,0.297039,0.446509
0.115714,1.0357,30.0,5,FCC_face,0.185921,0.385573
0.115714,1.0357,30.0,10,FCC_face,0.192803,0.322576
0.115714,1.0357,30.0,15,FCC_face,0.193821,0.317663
0.115714,1.0357,30.0,20,FCC_face,0.193463,0.318332
0.115714,1.0357,33.3333,5,FCC_face,0.121938,0.1122
0.115714,1.0357,33.3333,10,FCC_face,0.124146,0.112012
0.115714,1.0357,33.3333,15,FCC_face,0.124911,0.112012
0.115714,1.0357,33.3333,20,FCC_face,0.124943,0.112012
0.115714,1.0357,36.6667,5,FCC_face,0.080503,0.04849
0.115714,1.0357,36.6667,10,FCC_face,0.079023,0.048491
0.115714,1.0357,36.6667,15,FCC_face,0.079099,0.048491
0.115714,1.0357,36.6667,20,FCC_face,0.079129,0.048491
0.115714,1.0357,40.0,5,FCC_face,0.048468,0.031313
0.115714,1.0357,40.0,10,FCC_face,0.048811,0.031313
0.115714,1.0357,40.0,15,FCC_face,0.048841,0.031313
0.115714,1.0357,40.0,20,FCC_face,0.048838,0.031313
0.115714,1.2143,16.6667,5,FCC_face,0.429266,0.195655
0.115714,1.2143,16.6667,10,FCC_face,0.502773,0.613246
0.115714,1.2143,16.6667,15,FCC_face,0.628163,0.974196
0.115714,1.2143,16.6667,20,FCC_face,0.659875,0.610726
0.115714,1.2143,20.0,5,FCC_face,0.435485,0.255263
0.115714,1.2143,20.0,10,FCC_face,0.576712,0.654413
0.115714,1.2143,20.0,15,FCC_face,0.601266,0.898883
0.115714,1.2143,20.0,20,FCC_face,0.642586,0.823733
0.115714,1.2143,23.3333,5,FCC_face,0.440979,0.586573
0.115714,1.2143,23.3333,10,FCC_face,0.519056,0.407594
0.115714,1.2143,23.3333,15,FCC_face,0.552236,0.658186
0.115714,1.2143,23.3333,20,FCC_face,0.555158,0.550859
0.115714,1.2143,26.6667,5,FCC_face,0.362904,0.293859
0.115714,1.2143,26.6667,10,FCC_face,0.393489,0.423077
0.115714,1.2143,26.6667,15,FCC_face,0.401118,0.478233
0.115714,1.2143,26.6667,20,FCC_face,0.403469,0.503814
0.115714,1.2143,30.0,5,FCC_face,0.267965,0.313022
0.115714,1.2143,30.0,10,FCC_face,0.268282,0.499139
0.115714,1.2143,30.0,15,FCC_face,0.270569,0.414343
0.115714,1.2143,30.0,20,FCC_face,0.272547,0.441885
0.115714,1.2143,33.3333,5,FCC_face,0.169179,0.286881
0.115714,1.2143,33.3333,10,FCC_face,0.18329,0.295805
0.115714,1.2143,33.3333,15,FCC_face,0.182037,0.298028
0.115714,1.2143,33.3333,20,FCC_face,0.182881,0.297407
0.115714,1.2143,36.6667,5,FCC_face,0.118543,0.087176
0.115714,1.2143,36.6667,10,FCC_face,0.1199,0.087213
0.115714,1.2143,36.6667,15,FCC_face,0.120662,0.087213
0.115714,1.2143,36.6667,20,FCC_face,0.120895,0.087213
0.115714,1.2143,40.0,5,FCC_face,0.079433,0.042804
0.115714,1.2143,40.0,10,FCC_face,0.077942,0.042805
0.115714,1.2143,40.0,15,FCC_face,0.078219,0.042805
0.115714,1.2143,40.0,20,FCC_face,0.078277,0.042805
0.115714,1.3929,20.0,5,FCC_face,0.35895,0.158886
0.115714,1.3929,20.0,10,FCC_face,0.531248,0.284773
0.115714,1.3929,20.0,15,FCC_face,0.609601,0.383295
0.115714,1.3929,20.0,20,FCC_face,0.656797,0.459953
0.115714,1.3929,23.3333,5,FCC_face,0.410272,0.896293
0.115714,1.3929,23.3333,10,FCC_face,0.562442,0.460092
0.115714,1.3929,23.3333,15,FCC_face,0.596361,0.441507
0.115714,1.3929,23.3333,20,FCC_face,0.609746,0.803521
0.115714,1.3929,26.6667,5,FCC_face,0.412891,0.246959
0.115714,1.3929,26.6667,10,FCC_face,0.473597,0.721278
0.115714,1.3929,26.6667,15,FCC_face,0.498356,0.657694
0.115714,1.3929,26.6667,20,FCC_face,0.510332,0.512369
0.115714,1.3929,30.0,5,FCC_face,0.3254,0.787744
0.115714,1.3929,30.0,10,FCC_face,0.352918,0.585296
0.115714,1.3929,30.0,15,FCC_face,0.358381,0.465545
0.115714,1.3929,30.0,20,FCC_face,0.359233,0.487227
0.115714,1.3929,33.3333,5,FCC_face,0.236615,0.269207
0.115714,1.3929,33.3333,10,FCC_face,0.239577,0.358865
0.115714,1.3929,33.3333,15,FCC_face,0.24703,0.408871
0.115714,1.3929,33.3333,20,FCC_face,0.248022,0.4217
0.115714,1.3929,36.6667,5,FCC_face,0.153989,0.224705
0.115714,1.3929,36.6667,10,FCC_face,0.170627,0.250654
0.115714,1.3929,36.6667,15,FCC_face,0.168925,0.254305
0.115714,1.3929,36.6667,20,FCC_face,0.169524,0.254235
0.115714,1.3929,40.0,5,FCC_face,0.113538,0.066743
0.115714,1.3929,40.0,10,FCC_face,0.113969,0.066766
0.115714,1.3929,40.0,15,FCC_face,0.114136,0.066766
0.115714,1.3929,40.0,20,FCC_face,0.114265,0.066766
0.115714,1.5714,20.0,5,FCC_face,0.345465,0.141636
0.115714,1.5714,20.0,10,FCC_face,0.50577,0.288201
0.115714,1.5714,20.0,15,FCC_face,0.613669,0.487619
0.115714,1.5714,20.0,20,FCC_face,0.646411,0.745672
0.115714,1.5714,23.3333,5,FCC_face,0.40602,0.334959
0.115714,1.5714,23.3333,10,FCC_face,0.550317,0.998466
0.115714,1.5714,23.3333,15,FCC_face,0.606241,0.679881
0.115714,1.5714,23.3333,20,FCC_face,0.647314,0.506328
0.115714,1.5714,26.6667,5,FCC_face,0.423646,0.455292
0.115714,1.5714,26.6667,10,FCC_face,0.523023,0.4415
0.115714,1.5714,26.6667,15,FCC_face,0.573273,0.559213
0.115714,1.5714,26.6667,20,FCC_face,0.58532,0.663164
0.115714,1.5714,30.0,5,FCC_face,0.367925,0.241371
0.115714,1.5714,30.0,10,FCC_face,0.419517,0.368714
0.115714,1.5714,30.0,15,FCC_face,0.436706,0.446239
0.115714,1.5714,30.0,20,FCC_face,0.443546,0.498198
0.115714,1.5714,33.3333,5,FCC_face,0.29058,0.447007
0.115714,1.5714,33.3333,10,FCC_face,0.309065,0.409915
0.115714,1.5714,33.3333,15,FCC_face,0.31206,0.541974
0.115714,1.5714,33.3333,20,FCC_face,0.315095,0.474738
0.115714,1.5714,36.6667,5,FCC_face,0.200812,0.560806
0.115714,1.5714,36.6667,10,FCC_face,0.217617,0.434549
0.115714,1.5714,36.6667,15,FCC_face,0.223703,0.391019
0.115714,1.5714,36.6667,20,FCC_face,0.222369,0.38539
0.115714,1.5714,40.0,5,FCC_face,0.1414,0.18864
0.115714,1.5714,40.0,10,FCC_face,0.153844,0.177581
0.115714,1.5714,40.0,15,FCC_face,0.156044,0.17767
0.115714,1.5714,40.0,20,FCC_face,0.15526,0.177689
0.115714,1.75,23.3333,5,FCC_face,0.349573,0.175575
0.115714,1.75,23.3333,10,FCC_face,0.535833,0.431042
0.115714,1.75,23.3333,15,FCC_face,0.590799,0.745385
0.115714,1.75,23.3333,20,FCC_face,0.654884,0.950855
0.115714,1.75,26.6667,5,FCC_face,0.386651,0.890321
0.115714,1.75,26.6667,10,FCC_face,0.54621,0.312678
0.115714,1.75,26.6667,15,FCC_face,0.601417,0.672744
0.115714,1.75,26.6667,20,FCC_face,0.619696,0.668461
0.115714,1.75,30.0,5,FCC_face,0.398342,0.207602
0.115714,1.75,30.0,10,FCC_face,0.475774,0.600081
0.115714,1.75,30.0,15,FCC_face,0.509439,0.82897
0.115714,1.75,30.0,20,FCC_face,0.52781,0.56572
0.115714,1.75,33.3333,5,FCC_face,0.326807,0.754369
0.115714,1.75,33.3333,10,FCC_face,0.371603,0.714626
0.115714,1.75,33.3333,15,FCC_face,0.385163,0.50616
0.115714,1.75,33.3333,20,FCC_face,0.389529,0.488878
0.115714,1.75,36.6667,5,FCC_face,0.255193,0.230048
0.115714,1.75,36.6667,10,FCC_face,0.264704,0.462114
0.115714,1.75,36.6667,15,FCC_face,0.276118,0.536381
0.115714,1.75,36.6667,20,FCC_face,0.281017,0.468105
0.115714,1.75,40.0,5,FCC_face,0.172471,0.281799
0.115714,1.75,40.0,10,FCC_face,0.198731,0.349605
0.115714,1.75,40.0,15,FCC_face,0.197957,0.340976
0.115714,1.75,40.0,20,FCC_face,0.200932,0.342745
0.115714,1.9286,23.3333,5,FCC_face,0.288776,0.129659
0.115714,1.9286,23.3333,10,FCC_face,0.469433,0.241671
0.115714,1.9286,23.3333,15,FCC_face,0.570347,0.33703
0.115714,1.9286,23.3333,20,FCC_face,0.641949,0.417203
0.115714,1.9286,26.6667,5,FCC_face,0.361449,0.586363
0.115714,1.9286,26.6667,10,FCC_face,0.544433,0.554321
0.115714,1.9286,26.6667,15,FCC_face,0.600692,0.367376
0.115714,1.9286,26.6667,20,FCC_face,0.63526,0.599227
0.115714,1.9286,30.0,5,FCC_face,0.397849,0.299429
0.115714,1.9286,30.0,10,FCC_face,0.50898,0.720942
0.115714,1.9286,30.0,15,FCC_face,0.569215,0.400755
0.115714,1.9286,30.0,20,FCC_face,0.593081,0.829257
0.115714,1.9286,33.3333,5,FCC_face,0.353951,0.240154
0.115714,1.9286,33.3333,10,FCC_face,0.41955,0.385397
0.115714,1.9286,33.3333,15,FCC_face,0.444785,0.47043
0.115714,1.9286,33.3333,20,FCC_face,0.455947,0.52113
0.115714,1.9286,36.6667,5,FCC_face,0.290333,0.473202
0.115714,1.9286,36.6667,10,FCC_face,0.323041,0.375585
0.115714,1.9286,36.6667,15,FCC_face,0.330467,0.641364
0.115714,1.9286,36.6667,20,FCC_face,0.335826,0.477226
0.115714,1.9286,40.0,5,FCC_face,0.214536,0.456456
0.115714,1.9286,40.0,10,FCC_face,0.234912,0.50008
0.115714,1.9286,40.0,15,FCC_face,0.24757,0.475993
0.115714,1.9286,40.0,20,FCC_face,0.246625,0.457939
0.115714,2.1071,26.6667,5,FCC_face,0.347936,0.274518
0.115714,2.1071,26.6667,10,FCC_face,0.499795,0.933925
0.115714,2.1071,26.6667,15,FCC_face,0.584658,0.63278
0.115714,2.1071,26.6667,20,FCC_face,0.643144,0.454729
0.115714,2.1071,30.0,5,FCC_face,0.390742,0.532155
0.115714,2.1071,30.0,10,FCC_face,0.518345,0.294858
0.115714,2.1071,30.0,15,FCC_face,0.593593,0.860425
0.115714,2.1071,30.0,20,FCC_face,0.619897,0.46077
0.115714,2.1071,33.3333,5,FCC_face,0.373651,0.177241
0.115714,2.1071,33.3333,10,FCC_face,0.459899,0.380146
0.115714,2.1071,33.3333,15,FCC_face,0.498563,0.714763
0.115714,2.1071,33.3333,20,FCC_face,0.519422,0.839047
0.115714,2.1071,36.6667,5,FCC_face,0.314522,0.898155
0.115714,2.1071,36.6667,10,FCC_face,0.370581,0.609337
0.115714,2.1071,36.6667,15,FCC_face,0.390466,0.439746
0.115714,2.1071,36.6667,20,FCC_face,0.398026,0.505913
0.115714,2.1071,40.0,5,FCC_face,0.254636,0.212964
0.115714,2.1071,40.0,10,FCC_face,0.273089,0.511599
0.115714,2.1071,40.0,15,FCC_face,0.289257,0.600623
0.115714,2.1071,40.0,20,FCC_face,0.29725,0.477291
0.115714,2.2857,30.0,5,FCC_face,0.333859,0.77219
0.115714,2.2857,30.0,10,FCC_face,0.512061,0.278894
0.115714,2.2857,30.0,15,FCC_face,0.590912,0.569144
0.115714,2.2857,30.0,20,FCC_face,0.627601,0.736543
0.115714,2.2857,33.3333,5,FCC_face,0.38257,0.2029
0.115714,2.2857,33.3333,10,FCC_face,0.489553,0.934021
0.115714,2.2857,33.3333,15,FCC_face,0.547427,0.532897
0.115714,2.2857,33.3333,20,FCC_face,0.581723,0.463659
0.115714,2.2857,36.6667,5,FCC_face,0.332542,0.294125
0.115714,2.2857,36.6667,10,FCC_face,0.406232,0.567045
0.115714,2.2857,36.6667,15,FCC_face,0.437418,0.726851
0.115714,2.2857,36.6667,20,FCC_face,0.452255,0.768747
0.115714,2.2857,40.0,5,FCC_face,0.279508,0.379489
0.115714,2.2857,40.0,10,FCC_face,0.319767,0.417111
0.115714,2.2857,40.0,15,FCC_face,0.332322,0.587599
0.115714,2.2857,40.0,20,FCC_face,0.341648,0.512099
0.115714,2.4643,30.0,5,FCC_face,0.31131,0.553373
0.115714,2.4643,30.0,10,FCC_face,0.498751,0.421417
0.115714,2.4643,30.0,15,FCC_face,0.578523,0.322001
0.115714,2.4643,30.0,20,FCC_face,0.625837,0.707327
0.115714,2.4643,33.3333,5,FCC_face,0.363417,0.284522
0.115714,2.4643,33.3333,10,FCC_face,0.49758,0.550037
0.115714,2.4643,33.3333,15,FCC_face,0.576514,0.378943
0.115714,2.4643,33.3333,20,FCC_face,0.612118,0.965784
0.115714,2.4643,36.6667,5,FCC_face,0.345716,0.172103
0.115714,2.4643,36.6667,10,FCC_face,0.435745,0.287446
0.115714,2.4643,36.6667,15,FCC_face,0.47784,0.39981
0.115714,2.4643,36.6667,20,FCC_face,0.500147,0.521394
0.115714,2.4643,40.0,5,FCC_face,0.296516,0.979186
0.115714,2.4643,40.0,10,FCC_face,0.358576,0.395077
0.115714,2.4643,40.0,15,FCC_face,0.381944,0.425277
0.115714,2.4643,40.0,20,FCC_face,0.391462,0.721023
0.115714,2.6429,33.3333,5,FCC_face,0.352703,0.43604
0.115714,2.6429,33.3333,10,FCC_face,0.48781,0.268427
0.115714,2.6429,33.3333,15,FCC_face,0.58056,0.776207
0.115714,2.6429,33.3333,20,FCC_face,0.620181,0.438696
0.115714,2.6429,36.6667,5,FCC_face,0.354152,0.157095
0.115714,2.6429,36.6667,10,FCC_face,0.460109,0.415684
0.115714,2.6429,36.6667,15,FCC_face,0.514882,0.933049
0.115714,2.6429,36.6667,20,FCC_face,0.548186,0.759812
0.115714,2.6429,40.0,5,FCC_face,0.308982,0.479919
0.115714,2.6429,40.0,10,FCC_face,0.386407,0.980084
0.115714,2.6429,40.0,15,FCC_face,0.421404,0.745974
0.115714,2.6429,40.0,20,FCC_face,0.438897,0.571646
0.115714,2.8214,36.6667,5,FCC_face,0.354113,0.178214
0.115714,2.8214,36.6667,10,FCC_face,0.474441,0.90368
0.115714,2.8214,36.6667,15,FCC_face,0.545316,0.496947
0.115714,2.8214,36.6667,20,FCC_face,0.590859,0.42914
0.115714,2.8214,40.0,5,FCC_face,0.318049,0.212941
0.115714,2.8214,40.0,10,FCC_face,0.408698,0.38164
0.115714,2.8214,40.0,15,FCC_face,0.453101,0.503895
0.115714,2.8214,40.0,20,FCC_face,0.477182,0.585903
0.115714,3.0,36.6667,5,FCC_face,0.328518,0.227001
0.115714,3.0,36.6667,10,FCC_face,0.470657,0.634572
0.115714,3.0,36.6667,15,FCC_face,0.559847,0.325353
0.115714,3.0,36.6667,20,FCC_face,0.607982,0.899638
0.115714,3.0,40.0,5,FCC_face,0.324183,0.150074
0.115714,3.0,40.0,10,FCC_face,0.4271,0.25916
0.115714,3.0,40.0,15,FCC_face,0.480894,0.381006
0.115714,3.0,40.0,20,FCC_face,0.512129,0.534946
0.126429,0.5,10.0,5,FCC_face,0.55773,0.43111
0.126429,0.5,10.0,10,FCC_face,0.55041,0.77364
0.126429,0.5,10.0,15,FCC_face,0.578688,0.527054
0.126429,0.5,10.0,20,FCC_face,0.582947,0.551476
0.126429,0.5,13.3333,5,FCC_face,0.42761,0.529885
0.126429,0.5,13.3333,10,FCC_face,0.454033,0.517392
0.126429,0.5,13.3333,15,FCC_face,0.450844,0.467365
0.126429,0.5,13.3333,20,FCC_face,0.451352,0.469577
0.126429,0.5,16.6667,5,FCC_face,0.290184,0.329401
0.126429,0.5,16.6667,10,FCC_face,0.290689,0.361263
0.126429,0.5,16.6667,15,FCC_face,0.2907,0.364996
0.126429,0.5,16.6667,20,FCC_face,0.290705,0.365441
0.126429,0.5,20.0,5,FCC_face,0.161464,0.235607
0.126429,0.5,20.0,10,FCC_face,0.161405,0.235644
0.126429,0.5,20.0,15,FCC_face,0.161439,0.23564
0.126429,0.5,20.0,20,FCC_face,0.161436,0.23564
0.126429,0.5,23.3333,5,FCC_face,0.090842,0.09555
0.126429,0.5,23.3333,10,FCC_face,0.090775,0.09555
0.126429,0.5,23.3333,15,FCC_face,0.090775,0.09555
0.126429,0.5,23.3333,20,FCC_face,0.090775,0.09555
0.126429,0.5,26.6667,5,FCC_face,0.0523,0.049123
0.126429,0.5,26.6667,10,FCC_face,0.052312,0.049123
0.126429,0.5,26.6667,15,FCC_face,0.052312,0.049123
0.126429,0.5,26.6667,20,FCC_face,0.052312,0.049123
0.126429,0.5,30.0,5,FCC_face,0.031932,0.031238
0.126429,0.5,30.0,10,FCC_face,0.031932,0.031238
0.126429,0.5,30.0,15,FCC_face,0.031932,0.031238
0.126429,0.5,30.0,20,FCC_face,0.031932,0.031238
0.126429,0.5,33.3333,5,FCC_face,0.021366,0.021756
0.126429,0.5,33.3333,10,FCC_face,0.021366,0.021756
0.126429,0.5,33.3333,15,FCC_face,0.021366,0.021756
0.126429,0.5,33.3333,20,FCC_face,0.021366,0.021756
0.126429,0.5,36.6667,5,FCC_face,0.015364,0.015969
0.126429,0.5,36.6667,10,FCC_face,0.015364,0.015969
0.126429,0.5,36.6667,15,FCC_face,0.015364,0.015969
0.126429,0.5,36.6667,20,FCC_face,0.015364,0.015969
0.126429,0.5,40.0,5,FCC_face,0.011561,0.012147
0.126429,0.5,40.0,10,FCC_face,0.011561,0.012147
0.126429,0.5,40.0,15,FCC_face,0.011561,0.012147
0.126429,0.5,40.0,20,FCC_face,0.011561,0.012147
0.126429,0.6786,10.0,5,FCC_face,0.438998,0.779255
0.126429,0.6786,10.0,10,FCC_face,0.535939,0.317855
0.126429,0.6786,10.0,15,FCC_face,0.60702,0.783475
0.126429,0.6786,10.0,20,FCC_face,0.666731,0.545294
0.126429,0.6786,13.3333,5,FCC_face,0.493246,0.24137
0.126429,0.6786,13.3333,10,FCC_face,0.559408,0.411211
0.126429,0.6786,13.3333,15,FCC_face,0.586069,0.532746
0.126429,0.6786,13.3333,20,FCC_face,0.584001,0.599848
0.126429,0.6786,16.6667,5,FCC_face,0.424133,0.742533
0.126429,0.6786,16.6667,10,FCC_face,0.466459,0.416421
0.126429,0.6786,16.6667,15,FCC_face,0.469488,0.52951
0.126429,0.6786,16.6667,20,FCC_face,0.467941,0.498647
0.126429,0.6786,20.0,5,FCC_face,0.302694,0.399392
0.126429,0.6786,20.0,10,FCC_face,0.304279,0.418253
0.126429,0.6786,20.0,15,FCC_face,0.303895,0.408395
0.126429,0.6786,20.0,20,FCC_face,0.30373,0.40495
0.126429,0.6786,23.3333,5,FCC_face,0.179182,0.281194
0.126429,0.6786,23.3333,10,FCC_face,0.17915,0.278038
0.126429,0.6786,23.3333,15,FCC_face,0.179525,0.277669
0.126429,0.6786,23.3333,20,FCC_face,0.179456,0.277641
0.126429,0.6786,26.6667,5,FCC_face,0.105757,0.105512
0.126429,0.6786,26.6667,10,FCC_face,0.106018,0.105486
0.126429,0.6786,26.6667,15,FCC_face,0.10608,0.105486
0.126429,0.6786,26.6667,20,FCC_face,0.106085,0.105486
0.126429,0.6786,30.0,5,FCC_face,0.062423,0.049646
0.126429,0.6786,30.0,10,FCC_face,0.062503,0.049646
0.126429,0.6786,30.0,15,FCC_face,0.062504,0.049646
0.126429,0.6786,30.0,20,FCC_face,0.062504,0.049646
0.126429,0.6786,33.3333,5,FCC_face,0.037166,0.031521
0.126429,0.6786,33.3333,10,FCC_face,0.037146,0.031521
0.126429,0.6786,33.3333,15,FCC_face,0.037146,0.031521
0.126429,0.6786,33.3333,20,FCC_face,0.037146,0.031521
0.126429,0.6786,36.6667,5,FCC_face,0.023604,0.022217
0.126429,0.6786,36.6667,10,FCC_face,0.023605,0.022217
0.126429,0.6786,36.6667,15,FCC_face,0.023605,0.022217
0.126429,0.6786,36.6667,20,FCC_face,0.023605,0.022217
0.126429,0.6786,40.0,5,FCC_face,0.016656,0.016546
0.126429,0.6786,40.0,10,FCC_face,0.016656,0.016546
0.126429,0.6786,40.0,15,FCC_face,0.016656,0.016546
0.126429,0.6786,40.0,20,FCC_face,0.016656,0.016546
0.126429,0.8571,13.3333,5,FCC_face,0.511343,0.287885
0.126429,0.8571,13.3333,10,FCC_face,0.540053,0.961409
0.126429,0.8571,13.3333,15,FCC_face,0.64161,0.603295
0.126429,0.8571,13.3333,20,FCC_face,0.652645,0.491661
0.126429,0.8571,16.6667,5,FCC_face,0.466015,0.320303
0.126429,0.8571,16.6667,10,FCC_face,0.561625,0.678932
0.126429,0.8571,16.6667,15,FCC_face,0.564626,0.742974
0.126429,0.8571,16.6667,20,FCC_face,0.581856,0.661399
0.126429,0.8571,20.0,5,FCC_face,0.413045,0.390474
0.126429,0.8571,20.0,10,FCC_face,0.446514,0.604725
0.126429,0.8571,20.0,15,FCC_face,0.457772,0.464349
0.126429,0.8571,20.0,20,FCC_face,0.459357,0.529217
0.126429,0.8571,23.3333,5,FCC_face,0.292995,0.583173
0.126429,0.8571,23.3333,10,FCC_face,0.295137,0.420625
0.126429,0.8571,23.3333,15,FCC_face,0.293979,0.409302
0.126429,0.8571,23.3333,20,FCC_face,0.293528,0.419898
0.126429,0.8571,26.6667,5,FCC_face,0.17828,0.325586
0.126429,0.8571,26.6667,10,FCC_face,0.181571,0.293322
0.126429,0.8571,26.6667,15,FCC_face,0.182064,0.290834
0.126429,0.8571,26.6667,20,FCC_face,0.181888,0.290858
0.126429,0.8571,30.0,5,FCC_face,0.111205,0.101038
0.126429,0.8571,30.0,10,FCC_face,0.111829,0.100983
0.126429,0.8571,30.0,15,FCC_face,0.112078,0.100983
0.126429,0.8571,30.0,20,FCC_face,0.112109,0.100983
0.126429,0.8571,33.3333,5,FCC_face,0.068114,0.046823
0.126429,0.8571,33.3333,10,FCC_face,0.068006,0.046823
0.126429,0.8571,33.3333,15,FCC_face,0.068058,0.046823
0.126429,0.8571,33.3333,20,FCC_face,0.068055,0.046823
0.126429,0.8571,36.6667,5,FCC_face,0.040769,0.030197
0.126429,0.8571,36.6667,10,FCC_face,0.040668,0.030197
0.126429,0.8571,36.6667,15,FCC_face,0.040667,0.030197
0.126429,0.8571,36.6667,20,FCC_face,0.040667,0.030197
0.126429,0.8571,40.0,5,FCC_face,0.024896,0.021636
0.126429,0.8571,40.0,10,FCC_face,0.024902,0.021636
0.126429,0.8571,40.0,15,FCC_face,0.024902,0.021636
0.126429,0.8571,40.0,20,FCC_face,0.024902,0.021636
0.126429,1.0357,13.3333,5,FCC_face,0.349472,0.39042
0.126429,1.0357,13.3333,10,FCC_face,0.515689,0.481498
0.126429,1.0357,13.3333,15,FCC_face,0.611032,0.370052
0.126429,1.0357,13.3333,20,FCC_face,0.668141,0.949377
0.126429,1.0357,16.6667,5,FCC_face,0.425104,0.18389
0.126429,1.0357,16.6667,10,FCC_face,0.560105,0.323371
0.126429,1.0357,16.6667,15,FCC_face,0.620823,0.438995
0.126429,1.0357,16.6667,20,FCC_face,0.638565,0.535587
0.126429,1.0357,20.0,5,FCC_face,0.43234,0.960333
0.126429,1.0357,20.0,10,FCC_face,0.542251,0.452988
0.126429,1.0357,20.0,15,FCC_face,0.555998,0.495718
0.126429,1.0357,20.0,20,FCC_face,0.55837,0.684532
0.126429,1.0357,23.3333,5,FCC_face,0.38206,0.253775
0.126429,1.0357,23.3333,10,FCC_face,0.409644,0.426702
0.126429,1.0357,23.3333,15,FCC_face,0.417292,0.534206
0.126429,1.0357,23.3333,20,FCC_face,0.420301,0.544217
0.126429,1.0357,26.6667,5,FCC_face,0.273163,0.420411
0.126429,1.0357,26.6667,10,FCC_face,0.273032,0.397874
0.126429,1.0357,26.6667,15,FCC_face,0.272435,0.427914
0.126429,1.0357,26.6667,20,FCC_face,0.273085,0.417958
0.126429,1.0357,30.0,5,FCC_face,0.167108,0.295497
0.126429,1.0357,30.0,10,FCC_face,0.176434,0.278712
0.126429,1.0357,30.0,15,FCC_face,0.175735,0.282957
0.126429,1.0357,30.0,20,FCC_face,0.176047,0.282496
0.126429,1.0357,33.3333,5,FCC_face,0.111252,0.085793
0.126429,1.0357,33.3333,10,FCC_face,0.111598,0.085792
0.126429,1.0357,33.3333,15,FCC_face,0.111917,0.085792
0.126429,1.0357,33.3333,20,FCC_face,0.112014,0.085792
0.126429,1.0357,36.6667,5,FCC_face,0.069837,0.042417
0.126429,1.0357,36.6667,10,FCC_face,0.069673,0.042417
0.126429,1.0357,36.6667,15,FCC_face,0.069832,0.042417
0.126429,1.0357,36.6667,20,FCC_face,0.069822,0.042417
0.126429,1.0357,40.0,5,FCC_face,0.04248,0.028157
0.126429,1.0357,40.0,10,FCC_face,0.042331,0.028157
0.126429,1.0357,40.0,15,FCC_face,0.04234,0.028157
0.126429,1.0357,40.0,20,FCC_face,0.042341,0.028157
0.126429,1.2143,16.6667,5,FCC_face,0.427353,0.184149
0.126429,1.2143,16.6667,10,FCC_face,0.52396,0.501697
0.126429,1.2143,16.6667,15,FCC_face,0.621716,0.969101
0.126429,1.2143,16.6667,20,FCC_face,0.653805,0.797164
0.126429,1.2143,20.0,5,FCC_face,0.442188,0.312606
0.126429,1.2143,20.0,10,FCC_face,0.566585,0.870815
0.126429,1.2143,20.0,15,FCC_face,0.596612,0.841222
0.126429,1.2143,20.0,20,FCC_face,0.627347,0.638572
0.126429,1.2143,23.3333,5,FCC_face,0.429666,0.43835
0.126429,1.2143,23.3333,10,FCC_face,0.499407,0.53901
0.126429,1.2143,23.3333,15,FCC_face,0.529715,0.495933
0.126429,1.2143,23.3333,20,FCC_face,0.534475,0.659159
0.126429,1.2143,26.6667,5,FCC_face,0.343415,0.395457
0.126429,1.2143,26.6667,10,FCC_face,0.368754,0.560163
0.126429,1.2143,26.6667,15,FCC_face,0.374196,0.563818
0.126429,1.2143,26.6667,20,FCC_face,0.375457,0.540168
0.126429,1.2143,30.0,5,FCC_face,0.246666,0.260938
0.126429,1.2143,30.0,10,FCC_face,0.244651,0.42165
0.126429,1.2143,30.0,15,FCC_face,0.248998,0.424249
0.126429,1.2143,30.0,20,FCC_face,0.250594,0.407075
0.126429,1.2143,33.3333,5,FCC_face,0.153479,0.220991
0.126429,1.2143,33.3333,10,FCC_face,0.166896,0.253218
0.126429,1.2143,33.3333,15,FCC_face,0.165131,0.252485
0.126429,1.2143,33.3333,20,FCC_face,0.165765,0.252259
0.126429,1.2143,36.6667,5,FCC_face,0.108318,0.068667
0.126429,1.2143,36.6667,10,FCC_face,0.107997,0.06868
0.126429,1.2143,36.6667,15,FCC_face,0.108011,0.06868
0.126429,1.2143,36.6667,20,FCC_face,0.108065,0.06868
0.126429,1.2143,40.0,5,FCC_face,0.068042,0.037574
0.126429,1.2143,40.0,10,FCC_face,0.068575,0.037574
0.126429,1.2143,40.0,15,FCC_face,0.068828,0.037574
0.126429,1.2143,40.0,20,FCC_face,0.068782,0.037574
0.126429,1.3929,20.0,5,FCC_face,0.360847,0.167325
0.126429,1.3929,20.0,10,FCC_face,0.544989,0.315094
0.126429,1.3929,20.0,15,FCC_face,0.610791,0.439431
0.126429,1.3929,20.0,20,FCC_face,0.656414,0.538171
0.126429,1.3929,23.3333,5,FCC_face,0.409619,0.988583
0.126429,1.3929,23.3333,10,FCC_face,0.549844,0.366588
0.126429,1.3929,23.3333,15,FCC_face,0.585158,0.564632
0.126429,1.3929,23.3333,20,FCC_face,0.594212,0.740184
0.126429,1.3929,26.6667,5,FCC_face,0.39622,0.222928
0.126429,1.3929,26.6667,10,FCC_face,0.448809,0.488543
0.126429,1.3929,26.6667,15,FCC_face,0.467877,0.707368
0.126429,1.3929,26.6667,20,FCC_face,0.476985,0.620948
0.126429,1.3929,30.0,5,FCC_face,0.307134,0.798862
0.126429,1.3929,30.0,10,FCC_face,0.328171,0.404603
0.126429,1.3929,30.0,15,FCC_face,0.330632,0.462275
0.126429,1.3929,30.0,20,FCC_face,0.33086,0.525797
0.126429,1.3929,33.3333,5,FCC_face,0.213077,0.376376
0.126429,1.3929,33.3333,10,FCC_face,0.220669,0.394549
0.126429,1.3929,33.3333,15,FCC_face,0.227113,0.390543
0.126429,1.3929,33.3333,20,FCC_face,0.226116,0.38852
0.126429,1.3929,36.6667,5,FCC_face,0.141129,0.205052
0.126429,1.3929,36.6667,10,FCC_face,0.153017,0.193681
0.126429,1.3929,36.6667,15,FCC_face,0.153532,0.193066
0.126429,1.3929,36.6667,20,FCC_face,0.153017,0.193041
0.126429,1.3929,40.0,5,FCC_face,0.103552,0.054667
0.126429,1.3929,40.0,10,FCC_face,0.102507,0.054672
0.126429,1.3929,40.0,15,FCC_face,0.102082,0.054672
0.126429,1.3929,40.0,20,FCC_face,0.101948,0.054672
0.126429,1.5714,20.0,5,FCC_face,0.341305,0.139415
0.126429,1.5714,20.0,10,FCC_face,0.504735,0.264043
0.126429,1.5714,20.0,15,FCC_face,0.608744,0.399428
0.126429,1.5714,20.0,20,FCC_face,0.649909,0.554697
0.126429,1.5714,23.3333,5,FCC_face,0.401789,0.449485
0.126429,1.5714,23.3333,10,FCC_face,0.560074,0.874325
0.126429,1.5714,23.3333,15,FCC_face,0.597078,0.489138
0.126429,1.5714,23.3333,20,FCC_face,0.635149,0.466798
0.126429,1.5714,26.6667,5,FCC_face,0.41518,0.34515
0.126429,1.5714,26.6667,10,FCC_face,0.50617,0.66306
0.126429,1.5714,26.6667,15,FCC_face,0.551761,0.432777
0.126429,1.5714,26.6667,20,FCC_face,0.565495,0.773458
0.126429,1.5714,30.0,5,FCC_face,0.350756,0.314277
0.126429,1.5714,30.0,10,FCC_face,0.395874,0.505428
0.126429,1.5714,30.0,15,FCC_face,0.409929,0.579481
0.126429,1.5714,30.0,20,FCC_face,0.415004,0.595006
0.126429,1.5714,33.3333,5,FCC_face,0.272345,0.297
0.126429,1.5714,33.3333,10,FCC_face,0.281991,0.581419
0.126429,1.5714,33.3333,15,FCC_face,0.287257,0.421632
0.126429,1.5714,33.3333,20,FCC_face,0.291388,0.497993
0.126429,1.5714,36.6667,5,FCC_face,0.180523,0.416518
0.126429,1.5714,36.6667,10,FCC_face,0.201222,0.318614
0.126429,1.5714,36.6667,15,FCC_face,0.202646,0.352513
0.126429,1.5714,36.6667,20,FCC_face,0.203432,0.352132
0.126429,1.5714,40.0,5,FCC_face,0.13044,0.112308
0.126429,1.5714,40.0,10,FCC_face,0.137165,0.11266
0.126429,1.5714,40.0,15,FCC_face,0.140311,0.112658
0.126429,1.5714,40.0,20,FCC_face,0.1403,0.112658
0.126429,1.75,23.3333,5,FCC_face,0.373426,0.204667
0.126429,1.75,23.3333,10,FCC_face,0.533797,0.60833
0.126429,1.75,23.3333,15,FCC_face,0.586775,0.982348
0.126429,1.75,23.3333,20,FCC_face,0.656249,0.891107
0.126429,1.75,26.6667,5,FCC_face,0.40726,0.735225
0.126429,1.75,26.6667,10,FCC_face,0.537408,0.297359
0.126429,1.75,26.6667,15,FCC_face,0.590681,0.930898
0.126429,1.75,26.6667,20,FCC_face,0.606736,0.488119
0.126429,1.75,30.0,5,FCC_face,0.383549,0.19477
0.126429,1.75,30.0,10,FCC_face,0.452573,0.401479
0.126429,1.75,30.0,15,FCC_face,0.480171,0.680479
0.126429,1.75,30.0,20,FCC_face,0.494001,0.748045
0.126429,1.75,33.3333,5,FCC_face,0.310684,0.937627
0.126429,1.75,33.3333,10,FCC_face,0.348338,0.436321
0.126429,1.75,33.3333,15,FCC_face,0.357669,0.439879
0.126429,1.75,33.3333,20,FCC_face,0.360062,0.584688
0.126429,1.75,36.6667,5,FCC_face,0.234084,0.258492
0.126429,1.75,36.6667,10,FCC_face,0.244132,0.346619
0.126429,1.75,36.6667,15,FCC_face,0.256007,0.411085
0.126429,1.75,36.6667,20,FCC_face,0.258079,0.443726
0.126429,1.75,40.0,5,FCC_face,0.157897,0.218242
0.126429,1.75,40.0,10,FCC_face,0.182305,0.287567
0.126429,1.75,40.0,15,FCC_face,0.180334,0.294188
0.126429,1.75,40.0,20,FCC_face,0.182424,0.291
0.126429,1.9286,23.3333,5,FCC_face,0.296125,0.137749
0.126429,1.9286,23.3333,10,FCC_face,0.493427,0.274899
0.126429,1.9286,23.3333,15,FCC_face,0.580855,0.409345
0.126429,1.9286,23.3333,20,FCC_face,0.646631,0.535661
0.126429,1.9286,26.6667,5,FCC_face,0.35871,0.774881
0.126429,1.9286,26.6667,10,FCC_face,0.535965,0.402872
0.126429,1.9286,26.6667,15,FCC_face,0.596815,0.384569
0.126429,1.9286,26.6667,20,FCC_face,0.627348,0.895181
0.126429,1.9286,30.0,5,FCC_face,0.398897,0.241218
0.126429,1.9286,30.0,10,FCC_face,0.495335,0.981749
0.126429,1.9286,30.0,15,FCC_face,0.545378,0.450169
0.126429,1.9286,30.0,20,FCC_face,0.570658,0.544972
0.126429,1.9286,33.3333,5,FCC_face,0.339041,0.338182
0.126429,1.9286,33.3333,10,FCC_face,0.397703,0.622784
0.126429,1.9286,33.3333,15,FCC_face,0.419258,0.726242
0.126429,1.9286,33.3333,20,FCC_face,0.428262,0.711142
0.126429,1.9286,36.6667,5,FCC_face,0.274257,0.297617
0.126429,1.9286,36.6667,10,FCC_face,0.29605,0.605357
0.126429,1.9286,36.6667,15,FCC_face,0.304906,0.429289
0.126429,1.9286,36.6667,20,FCC_face,0.311721,0.569833
0.126429,1.9286,40.0,5,FCC_face,0.193019,0.656392
0.126429,1.9286,40.0,10,FCC_face,0.218549,0.416295
0.126429,1.9286,40.0,15,FCC_face,0.226385,0.37951
0.126429,1.9286,40.0,20,FCC_face,0.225776,0.395528
0.126429,2.1071,26.6667,5,FCC_face,0.347735,0.363145
0.126429,2.1071,26.6667,10,FCC_face,0.51776,0.83101
0.126429,2.1071,26.6667,15,FCC_face,0.57998,0.446161
0.126429,2.1071,26.6667,20,FCC_face,0.64,0.414534
0.126429,2.1071,30.0,5,FCC_face,0.389069,0.398749
0.126429,2.1071,30.0,10,FCC_face,0.511074,0.381449
0.126429,2.1071,30.0,15,FCC_face,0.58269,0.542185
0.126429,2.1071,30.0,20,FCC_face,0.608181,0.656481
0.126429,2.1071,33.3333,5,FCC_face,0.360386,0.181894
0.126429,2.1071,33.3333,10,FCC_face,0.438644,0.309514
0.126429,2.1071,33.3333,15,FCC_face,0.472014,0.446419
0.126429,2.1071,33.3333,20,FCC_face,0.488626,0.59
0.126429,2.1071,36.6667,5,FCC_face,0.300347,0.901587
0.126429,2.1071,36.6667,10,FCC_face,0.348533,0.368955
0.126429,2.1071,36.6667,15,FCC_face,0.362952,0.479409
0.126429,2.1071,36.6667,20,FCC_face,0.36799,0.672859
0.126429,2.1071,40.0,5,FCC_face,0.235675,0.230974
0.126429,2.1071,40.0,10,FCC_face,0.252891,0.336356
0.126429,2.1071,40.0,15,FCC_face,0.269528,0.437861
0.126429,2.1071,40.0,20,FCC_face,0.274314,0.495681
0.126429,2.2857,30.0,5,FCC_face,0.359023,0.682619
0.126429,2.2857,30.0,10,FCC_face,0.517756,0.257033
0.126429,2.2857,30.0,15,FCC_face,0.589846,0.909553
0.126429,2.2857,30.0,20,FCC_face,0.620252,0.481939
0.126429,2.2857,33.3333,5,FCC_face,0.374476,0.178109
0.126429,2.2857,33.3333,10,FCC_face,0.472707,0.591594
0.126429,2.2857,33.3333,15,FCC_face,0.521585,0.892333
0.126429,2.2857,33.3333,20,FCC_face,0.551157,0.531044
0.126429,2.2857,36.6667,5,FCC_face,0.319576,0.483801
0.126429,2.2857,36.6667,10,FCC_face,0.38623,0.928192
0.126429,2.2857,36.6667,15,FCC_face,0.413305,0.746227
0.126429,2.2857,36.6667,20,FCC_face,0.425576,0.589227
0.126429,2.2857,40.0,5,FCC_face,0.265014,0.250181
0.126429,2.2857,40.0,10,FCC_face,0.293664,0.755175
0.126429,2.2857,40.0,15,FCC_face,0.308493,0.410628
0.126429,2.2857,40.0,20,FCC_face,0.318663,0.594331
0.126429,2.4643,30.0,5,FCC_face,0.312107,0.695549
0.126429,2.4643,30.0,10,FCC_face,0.494094,0.319841
0.126429,2.4643,30.0,15,FCC_face,0.575574,0.372761
0.126429,2.4643,30.0,20,FCC_face,0.620851,0.996981
0.126429,2.4643,33.3333,5,FCC_face,0.36577,0.228123
0.126429,2.4643,33.3333,10,FCC_face,0.488757,0.89873
0.126429,2.4643,33.3333,15,FCC_face,0.559729,0.368094
0.126429,2.4643,33.3333,20,FCC_face,0.597112,0.654458
0.126429,2.4643,36.6667,5,FCC_face,0.334004,0.204356
0.126429,2.4643,36.6667,10,FCC_face,0.416625,0.33851
0.126429,2.4643,36.6667,15,FCC_face,0.454045,0.427131
0.126429,2.4643,36.6667,20,FCC_face,0.473095,0.487415
0.126429,2.4643,40.0,5,FCC_face,0.283941,0.621392
0.126429,2.4643,40.0,10,FCC_face,0.337004,0.310242
0.126429,2.4643,40.0,15,FCC_face,0.353783,0.725877
0.126429,2.4643,40.0,20,FCC_face,0.362397,0.537841
0.126429,2.6429,33.3333,5,FCC_face,0.3531,0.335026
0.126429,2.6429,33.3333,10,FCC_face,0.488217,0.357362
0.126429,2.6429,33.3333,15,FCC_face,0.574178,0.476185
0.126429,2.6429,33.3333,20,FCC_face,0.613686,0.692289
0.126429,2.6429,36.6667,5,FCC_face,0.344219,0.1543
0.126429,2.6429,36.6667,10,FCC_face,0.442138,0.29982
0.126429,2.6429,36.6667,15,FCC_face,0.490648,0.534232
0.126429,2.6429,36.6667,20,FCC_face,0.518164,0.818353
0.126429,2.6429,40.0,5,FCC_face,0.297607,0.854485
0.126429,2.6429,40.0,10,FCC_face,0.367867,0.622868
0.126429,2.6429,40.0,15,FCC_face,0.397966,0.41804
0.126429,2.6429,40.0,20,FCC_face,0.411919,0.479488
0.126429,2.8214,36.6667,5,FCC_face,0.349631,0.157531
0.126429,2.8214,36.6667,10,FCC_face,0.462374,0.569147
0.126429,2.8214,36.6667,15,FCC_face,0.524319,0.89786
0.126429,2.8214,36.6667,20,FCC_face,0.564427,0.490884
0.126429,2.8214,40.0,5,FCC_face,0.307735,0.314407
0.126429,2.8214,40.0,10,FCC_face,0.391449,0.722831
0.126429,2.8214,40.0,15,FCC_face,0.431377,0.921783
0.126429,2.8214,40.0,20,FCC_face,0.452459,0.859196
0.126429,3.0,36.6667,5,FCC_face,0.338506,0.187758
0.126429,3.0,36.6667,10,FCC_face,0.468564,0.943823
0.126429,3.0,36.6667,15,FCC_face,0.547243,0.366532
0.126429,3.0,36.6667,20,FCC_face,0.595556,0.511373
0.126429,3.0,40.0,5,FCC_face,0.315003,0.173714
0.126429,3.0,40.0,10,FCC_face,0.410819,0.289756
0.126429,3.0,40.0,15,FCC_face,0.459641,0.372911
0.126429,3.0,40.0,20,FCC_face,0.487128,0.436838
0.137143,0.5,10.0,5,FCC_face,0.559377,0.394868
0.137143,0.5,10.0,10,FCC_face,0.536424,0.754138
0.137143,0.5,10.0,15,FCC_face,0.568683,0.557077
0.137143,0.5,10.0,20,FCC_face,0.567668,0.530807
0.137143,0.5,13.3333,5,FCC_face,0.411503,0.57419
0.137143,0.5,13.3333,10,FCC_face,0.437268,0.476252
0.137143,0.5,13.3333,15,FCC_face,0.43484,0.447824
0.137143,0.5,13.3333,20,FCC_face,0.434835,0.459016
0.137143,0.5,16.6667,5,FCC_face,0.271455,0.339312
0.137143,0.5,16.6667,10,FCC_face,0.270912,0.350011
0.137143,0.5,16.6667,15,FCC_face,0.270744,0.349394
0.137143,0.5,16.6667,20,FCC_face,0.270716,0.349219
0.137143,0.5,20.0,5,FCC_face,0.147977,0.21517
0.137143,0.5,20.0,10,FCC_face,0.148355,0.213696
0.137143,0.5,20.0,15,FCC_face,0.148348,0.213685
0.137143,0.5,20.0,20,FCC_face,0.148348,0.213685
0.137143,0.5,23.3333,5,FCC_face,0.082685,0.083806
0.137143,0.5,23.3333,10,FCC_face,0.082576,0.083806
0.137143,0.5,23.3333,15,FCC_face,0.082575,0.083806
0.137143,0.5,23.3333,20,FCC_face,0.082575,0.083806
0.137143,0.5,26.6667,5,FCC_face,0.047294,0.044536
0.137143,0.5,26.6667,10,FCC_face,0.0473,0.044536
0.137143,0.5,26.6667,15,FCC_face,0.0473,0.044536
0.137143,0.5,26.6667,20,FCC_face,0.0473,0.044536
0.137143,0.5,30.0,5,FCC_face,0.028997,0.028622
0.137143,0.5,30.0,10,FCC_face,0.028996,0.028622
0.137143,0.5,30.0,15,FCC_face,0.028996,0.028622
0.137143,0.5,30.0,20,FCC_face,0.028996,0.028622
0.137143,0.5,33.3333,5,FCC_face,0.019556,0.02002
0.137143,0.5,33.3333,10,FCC_face,0.019556,0.02002
0.137143,0.5,33.3333,15,FCC_face,0.019556,0.02002
0.137143,0.5,33.3333,20,FCC_face,0.019556,0.02002
0.137143,0.5,36.6667,5,FCC_face,0.014125,0.014725
0.137143,0.5,36.6667,10,FCC_face,0.014125,0.014725
0.137143,0.5,36.6667,15,FCC_face,0.014125,0.014725
0.137143,0.5,36.6667,20,FCC_face,0.014125,0.014725
0.137143,0.5,40.0,5,FCC_face,0.010653,0.011213
0.137143,0.5,40.0,10,FCC_face,0.010653,0.011213
0.137143,0.5,40.0,15,FCC_face,0.010653,0.011213
0.137143,0.5,40.0,20,FCC_face,0.010653,0.011213
0.137143,0.6786,10.0,5,FCC_face,0.438338,0.729046
0.137143,0.6786,10.0,10,FCC_face,0.530686,0.336569
0.137143,0.6786,10.0,15,FCC_face,0.608544,0.684809
0.137143,0.6786,10.0,20,FCC_face,0.665776,0.608329
0.137143,0.6786,13.3333,5,FCC_face,0.474612,0.238408
0.137143,0.6786,13.3333,10,FCC_face,0.54689,0.38937
0.137143,0.6786,13.3333,15,FCC_face,0.568846,0.485609
0.137143,0.6786,13.3333,20,FCC_face,0.570697,0.542434
0.137143,0.6786,16.6667,5,FCC_face,0.413588,0.633169
0.137143,0.6786,16.6667,10,FCC_face,0.446108,0.414646
0.137143,0.6786,16.6667,15,FCC_face,0.450673,0.516751
0.137143,0.6786,16.6667,20,FCC_face,0.449405,0.477549
0.137143,0.6786,20.0,5,FCC_face,0.283334,0.44691
0.137143,0.6786,20.0,10,FCC_face,0.282994,0.402784
0.137143,0.6786,20.0,15,FCC_face,0.282227,0.38649
0.137143,0.6786,20.0,20,FCC_face,0.281995,0.385571
0.137143,0.6786,23.3333,5,FCC_face,0.163126,0.263621
0.137143,0.6786,23.3333,10,FCC_face,0.1646,0.252116
0.137143,0.6786,23.3333,15,FCC_face,0.164648,0.251834
0.137143,0.6786,23.3333,20,FCC_face,0.164627,0.251842
0.137143,0.6786,26.6667,5,FCC_face,0.096392,0.088657
0.137143,0.6786,26.6667,10,FCC_face,0.096157,0.088651
0.137143,0.6786,26.6667,15,FCC_face,0.096163,0.088651
0.137143,0.6786,26.6667,20,FCC_face,0.096165,0.088651
0.137143,0.6786,30.0,5,FCC_face,0.055845,0.044528
0.137143,0.6786,30.0,10,FCC_face,0.056,0.044528
0.137143,0.6786,30.0,15,FCC_face,0.055997,0.044528
0.137143,0.6786,30.0,20,FCC_face,0.055997,0.044528
0.137143,0.6786,33.3333,5,FCC_face,0.033143,0.028755
0.137143,0.6786,33.3333,10,FCC_face,0.033136,0.028755
0.137143,0.6786,33.3333,15,FCC_face,0.033136,0.028755
0.137143,0.6786,33.3333,20,FCC_face,0.033136,0.028755
0.137143,0.6786,36.6667,5,FCC_face,0.021336,0.020401
0.137143,0.6786,36.6667,10,FCC_face,0.021336,0.020401
0.137143,0.6786,36.6667,15,FCC_face,0.021336,0.020401
0.137143,0.6786,36.6667,20,FCC_face,0.021336,0.020401
0.137143,0.6786,40.0,5,FCC_face,0.015228,0.015242
0.137143,0.6786,40.0,10,FCC_face,0.015228,0.015242
0.137143,0.6786,40.0,15,FCC_face,0.015228,0.015242
0.137143,0.6786,40.0,20,FCC_face,0.015228,0.015242
0.137143,0.8571,13.3333,5,FCC_face,0.516105,0.265948
0.137143,0.8571,13.3333,10,FCC_face,0.53478,0.85482
0.137143,0.8571,13.3333,15,FCC_face,0.638351,0.728971
0.137143,0.8571,13.3333,20,FCC_face,0.63956,0.511285
0.137143,0.8571,16.6667,5,FCC_face,0.463387,0.386145
0.137143,0.8571,16.6667,10,FCC_face,0.548146,0.787776
0.137143,0.8571,16.6667,15,FCC_face,0.55289,0.680851
0.137143,0.8571,16.6667,20,FCC_face,0.565047,0.572157
0.137143,0.8571,20.0,5,FCC_face,0.397536,0.326459
0.137143,0.8571,20.0,10,FCC_face,0.424103,0.611273
0.137143,0.8571,20.0,15,FCC_face,0.4329,0.484298
0.137143,0.8571,20.0,20,FCC_face,0.435146,0.484624
0.137143,0.8571,23.3333,5,FCC_face,0.273949,0.51265
0.137143,0.8571,23.3333,10,FCC_face,0.273058,0.371058
0.137143,0.8571,23.3333,15,FCC_face,0.271736,0.402257
0.137143,0.8571,23.3333,20,FCC_face,0.271579,0.400546
0.137143,0.8571,26.6667,5,FCC_face,0.161685,0.275876
0.137143,0.8571,26.6667,10,FCC_face,0.166857,0.25922
0.137143,0.8571,26.6667,15,FCC_face,0.166507,0.260676
0.137143,0.8571,26.6667,20,FCC_face,0.166589,0.260643
0.137143,0.8571,30.0,5,FCC_face,0.101642,0.082527
0.137143,0.8571,30.0,10,FCC_face,0.101293,0.08252
0.137143,0.8571,30.0,15,FCC_face,0.101335,0.08252
0.137143,0.8571,30.0,20,FCC_face,0.101352,0.08252
0.137143,0.8571,33.3333,5,FCC_face,0.060248,0.041751
0.137143,0.8571,33.3333,10,FCC_face,0.060654,0.041751
0.137143,0.8571,33.3333,15,FCC_face,0.060651,0.041751
0.137143,0.8571,33.3333,20,FCC_face,0.06065,0.041751
0.137143,0.8571,36.6667,5,FCC_face,0.03592,0.027475
0.137143,0.8571,36.6667,10,FCC_face,0.035826,0.027475
0.137143,0.8571,36.6667,15,FCC_face,0.035825,0.027475
0.137143,0.8571,36.6667,20,FCC_face,0.035825,0.027475
0.137143,0.8571,40.0,5,FCC_face,0.022136,0.019842
0.137143,0.8571,40.0,10,FCC_face,0.022137,0.019842
0.137143,0.8571,40.0,15,FCC_face,0.022137,0.019842
0.137143,0.8571,40.0,20,FCC_face,0.022137,0.019842
0.137143,1.0357,13.3333,5,FCC_face,0.367478,0.359565
0.137143,1.0357,13.3333,10,FCC_face,0.521998,0.588413
0.137143,1.0357,13.3333,15,FCC_face,0.60672,0.356464
0.137143,1.0357,13.3333,20,FCC_face,0.66422,0.816104
0.137143,1.0357,16.6667,5,FCC_face,0.415058,0.185857
0.137143,1.0357,16.6667,10,FCC_face,0.554132,0.32127
0.137143,1.0357,16.6667,15,FCC_face,0.605374,0.420244
0.137143,1.0357,16.6667,20,FCC_face,0.628111,0.492899
0.137143,1.0357,20.0,5,FCC_face,0.429801,0.955752
0.137143,1.0357,20.0,10,FCC_face,0.526142,0.386071
0.137143,1.0357,20.0,15,FCC_face,0.541719,0.59857
0.137143,1.0357,20.0,20,FCC_face,0.541656,0.602972
0.137143,1.0357,23.3333,5,FCC_face,0.36309,0.262603
0.137143,1.0357,23.3333,10,FCC_face,0.385885,0.384146
0.137143,1.0357,23.3333,15,FCC_face,0.3913,0.454242
0.137143,1.0357,23.3333,20,FCC_face,0.393143,0.488174
0.137143,1.0357,26.6667,5,FCC_face,0.254,0.314989
0.137143,1.0357,26.6667,10,FCC_face,0.250527,0.433285
0.137143,1.0357,26.6667,15,FCC_face,0.25148,0.387854
0.137143,1.0357,26.6667,20,FCC_face,0.252554,0.400521
0.137143,1.0357,30.0,5,FCC_face,0.152128,0.226738
0.137143,1.0357,30.0,10,FCC_face,0.161752,0.247169
0.137143,1.0357,30.0,15,FCC_face,0.160437,0.245411
0.137143,1.0357,30.0,20,FCC_face,0.160852,0.245513
0.137143,1.0357,33.3333,5,FCC_face,0.101854,0.070154
0.137143,1.0357,33.3333,10,FCC_face,0.101064,0.070158
0.137143,1.0357,33.3333,15,FCC_face,0.100989,0.070158
0.137143,1.0357,33.3333,20,FCC_face,0.100994,0.070158
0.137143,1.0357,36.6667,5,FCC_face,0.061119,0.037792
0.137143,1.0357,36.6667,10,FCC_face,0.061964,0.037792
0.137143,1.0357,36.6667,15,FCC_face,0.061965,0.037792
0.137143,1.0357,36.6667,20,FCC_face,0.061958,0.037792
0.137143,1.0357,40.0,5,FCC_face,0.037261,0.025599
0.137143,1.0357,40.0,10,FCC_face,0.036993,0.025599
0.137143,1.0357,40.0,15,FCC_face,0.036984,0.025599
0.137143,1.0357,40.0,20,FCC_face,0.036983,0.025599
0.137143,1.2143,16.6667,5,FCC_face,0.422321,0.175153
0.137143,1.2143,16.6667,10,FCC_face,0.540301,0.421006
0.137143,1.2143,16.6667,15,FCC_face,0.620602,0.817227
0.137143,1.2143,16.6667,20,FCC_face,0.643852,0.938871
0.137143,1.2143,20.0,5,FCC_face,0.438573,0.395996
0.137143,1.2143,20.0,10,FCC_face,0.561221,0.959602
0.137143,1.2143,20.0,15,FCC_face,0.587617,0.648179
0.137143,1.2143,20.0,20,FCC_face,0.612097,0.517336
0.137143,1.2143,23.3333,5,FCC_face,0.419293,0.344857
0.137143,1.2143,23.3333,10,FCC_face,0.479396,0.724806
0.137143,1.2143,23.3333,15,FCC_face,0.505704,0.44759
0.137143,1.2143,23.3333,20,FCC_face,0.512556,0.616735
0.137143,1.2143,26.6667,5,FCC_face,0.325524,0.570751
0.137143,1.2143,26.6667,10,FCC_face,0.346201,0.623004
0.137143,1.2143,26.6667,15,FCC_face,0.349704,0.515394
0.137143,1.2143,26.6667,20,FCC_face,0.35008,0.480063
0.137143,1.2143,30.0,5,FCC_face,0.225836,0.27124
0.137143,1.2143,30.0,10,FCC_face,0.225401,0.346398
0.137143,1.2143,30.0,15,FCC_face,0.230451,0.378993
0.137143,1.2143,30.0,20,FCC_face,0.230835,0.385316
0.137143,1.2143,33.3333,5,FCC_face,0.140905,0.204412
0.137143,1.2143,33.3333,10,FCC_face,0.151531,0.203811
0.137143,1.2143,33.3333,15,FCC_face,0.150946,0.204001
0.137143,1.2143,33.3333,20,FCC_face,0.150806,0.20402
0.137143,1.2143,36.6667,5,FCC_face,0.099052,0.057339
0.137143,1.2143,36.6667,10,FCC_face,0.097628,0.057343
0.137143,1.2143,36.6667,15,FCC_face,0.097265,0.057343
0.137143,1.2143,36.6667,20,FCC_face,0.097177,0.057343
0.137143,1.2143,40.0,5,FCC_face,0.059176,0.033564
0.137143,1.2143,40.0,10,FCC_face,0.060864,0.033564
0.137143,1.2143,40.0,15,FCC_face,0.060762,0.033564
0.137143,1.2143,40.0,20,FCC_face,0.060768,0.033564
0.137143,1.3929,20.0,5,FCC_face,0.372266,0.180839
0.137143,1.3929,20.0,10,FCC_face,0.55906,0.374701
0.137143,1.3929,20.0,15,FCC_face,0.604347,0.56318
0.137143,1.3929,20.0,20,FCC_face,0.647521,0.710471
0.137143,1.3929,23.3333,5,FCC_face,0.420135,0.884131
0.137143,1.3929,23.3333,10,FCC_face,0.539679,0.329266
0.137143,1.3929,23.3333,15,FCC_face,0.57404,0.767956
0.137143,1.3929,23.3333,20,FCC_face,0.579763,0.556417
0.137143,1.3929,26.6667,5,FCC_face,0.379596,0.218473
0.137143,1.3929,26.6667,10,FCC_face,0.425578,0.377745
0.137143,1.3929,26.6667,15,FCC_face,0.440712,0.529685
0.137143,1.3929,26.6667,20,FCC_face,0.447212,0.607428
0.137143,1.3929,30.0,5,FCC_face,0.290113,0.549143
0.137143,1.3929,30.0,10,FCC_face,0.304337,0.367277
0.137143,1.3929,30.0,15,FCC_face,0.305078,0.527537
0.137143,1.3929,30.0,20,FCC_face,0.306173,0.458031
0.137143,1.3929,33.3333,5,FCC_face,0.192072,0.493655
0.137143,1.3929,33.3333,10,FCC_face,0.204737,0.380942
0.137143,1.3929,33.3333,15,FCC_face,0.208575,0.355224
0.137143,1.3929,33.3333,20,FCC_face,0.207512,0.354422
0.137143,1.3929,36.6667,5,FCC_face,0.130472,0.135671
0.137143,1.3929,36.6667,10,FCC_face,0.137491,0.134146
0.137143,1.3929,36.6667,15,FCC_face,0.139605,0.134177
0.137143,1.3929,36.6667,20,FCC_face,0.139218,0.134176
0.137143,1.3929,40.0,5,FCC_face,0.094029,0.046727
0.137143,1.3929,40.0,10,FCC_face,0.091805,0.046728
0.137143,1.3929,40.0,15,FCC_face,0.091288,0.046728
0.137143,1.3929,40.0,20,FCC_face,0.0912,0.046728
0.137143,1.5714,20.0,5,FCC_face,0.337107,0.139289
0.137143,1.5714,20.0,10,FCC_face,0.50278,0.253251
0.137143,1.5714,20.0,15,FCC_face,0.598104,0.356217
0.137143,1.5714,20.0,20,FCC_face,0.644309,0.454555
0.137143,1.5714,23.3333,5,FCC_face,0.395636,0.608822
0.137143,1.5714,23.3333,10,FCC_face,0.560856,0.646826
0.137143,1.5714,23.3333,15,FCC_face,0.594683,0.405268
0.137143,1.5714,23.3333,20,FCC_face,0.619182,0.553019
0.137143,1.5714,26.6667,5,FCC_face,0.410772,0.277429
0.137143,1.5714,26.6667,10,FCC_face,0.489401,0.89952
0.137143,1.5714,26.6667,15,FCC_face,0.527475,0.445705
0.137143,1.5714,26.6667,20,FCC_face,0.5432,0.583076
0.137143,1.5714,30.0,5,FCC_face,0.334811,0.465474
0.137143,1.5714,30.0,10,FCC_face,0.37423,0.728495
0.137143,1.5714,30.0,15,FCC_face,0.385583,0.656847
0.137143,1.5714,30.0,20,FCC_face,0.389211,0.574643
0.137143,1.5714,33.3333,5,FCC_face,0.254402,0.239796
0.137143,1.5714,33.3333,10,FCC_face,0.259014,0.500673
0.137143,1.5714,33.3333,15,FCC_face,0.266912,0.475112
0.137143,1.5714,33.3333,20,FCC_face,0.270742,0.433681
0.137143,1.5714,36.6667,5,FCC_face,0.164784,0.255141
0.137143,1.5714,36.6667,10,FCC_face,0.186412,0.323147
0.137143,1.5714,36.6667,15,FCC_face,0.184734,0.3072
0.137143,1.5714,36.6667,20,FCC_face,0.186892,0.310998
0.137143,1.5714,40.0,5,FCC_face,0.121029,0.079874
0.137143,1.5714,40.0,10,FCC_face,0.1244,0.080043
0.137143,1.5714,40.0,15,FCC_face,0.126179,0.080043
0.137143,1.5714,40.0,20,FCC_face,0.126806,0.080043
0.137143,1.75,23.3333,5,FCC_face,0.383438,0.246418
0.137143,1.75,23.3333,10,FCC_face,0.529489,0.841681
0.137143,1.75,23.3333,15,FCC_face,0.593252,0.909128
0.137143,1.75,23.3333,20,FCC_face,0.646689,0.636666
0.137143,1.75,26.6667,5,FCC_face,0.411727,0.559895
0.137143,1.75,26.6667,10,FCC_face,0.521039,0.326826
0.137143,1.75,26.6667,15,FCC_face,0.580215,0.786454
0.137143,1.75,26.6667,20,FCC_face,0.594171,0.491878
0.137143,1.75,30.0,5,FCC_face,0.368977,0.199033
0.137143,1.75,30.0,10,FCC_face,0.430936,0.332255
0.137143,1.75,30.0,15,FCC_face,0.454212,0.463583
0.137143,1.75,30.0,20,FCC_face,0.464807,0.579005
0.137143,1.75,33.3333,5,FCC_face,0.295568,0.663802
0.137143,1.75,33.3333,10,FCC_face,0.325643,0.346216
0.137143,1.75,33.3333,15,FCC_face,0.331052,0.583397
0.137143,1.75,33.3333,20,FCC_face,0.333462,0.5168
0.137143,1.75,36.6667,5,FCC_face,0.212868,0.398665
0.137143,1.75,36.6667,10,FCC_face,0.227323,0.437553
0.137143,1.75,36.6667,15,FCC_face,0.237716,0.42947
0.137143,1.75,36.6667,20,FCC_face,0.236756,0.422668
0.137143,1.75,40.0,5,FCC_face,0.146212,0.251752
0.137143,1.75,40.0,10,FCC_face,0.165834,0.234953
0.137143,1.75,40.0,15,FCC_face,0.165871,0.23311
0.137143,1.75,40.0,20,FCC_face,0.16573,0.232924
0.137143,1.9286,23.3333,5,FCC_face,0.312474,0.149731
0.137143,1.9286,23.3333,10,FCC_face,0.511062,0.334733
0.137143,1.9286,23.3333,15,FCC_face,0.577894,0.55514
0.137143,1.9286,23.3333,20,FCC_face,0.641583,0.770467
0.137143,1.9286,26.6667,5,FCC_face,0.36047,0.88334
0.137143,1.9286,26.6667,10,FCC_face,0.529608,0.321916
0.137143,1.9286,26.6667,15,FCC_face,0.590947,0.497348
0.137143,1.9286,26.6667,20,FCC_face,0.616816,0.854895
0.137143,1.9286,30.0,5,FCC_face,0.391995,0.206474
0.137143,1.9286,30.0,10,FCC_face,0.478422,0.778778
0.137143,1.9286,30.0,15,FCC_face,0.519894,0.673936
0.137143,1.9286,30.0,20,FCC_face,0.54353,0.474827
0.137143,1.9286,33.3333,5,FCC_face,0.32507,0.542702
0.137143,1.9286,33.3333,10,FCC_face,0.377487,0.856784
0.137143,1.9286,33.3333,15,FCC_face,0.395698,0.653445
0.137143,1.9286,33.3333,20,FCC_face,0.402744,0.540824
0.137143,1.9286,36.6667,5,FCC_face,0.258369,0.228195
0.137143,1.9286,36.6667,10,FCC_face,0.272402,0.619553
0.137143,1.9286,36.6667,15,FCC_face,0.284261,0.48568
0.137143,1.9286,36.6667,20,FCC_face,0.29097,0.453926
0.137143,1.9286,40.0,5,FCC_face,0.175908,0.377744
0.137143,1.9286,40.0,10,FCC_face,0.20408,0.316512
0.137143,1.9286,40.0,15,FCC_face,0.206144,0.383972
0.137143,1.9286,40.0,20,FCC_face,0.208649,0.364086
0.137143,2.1071,26.6667,5,FCC_face,0.345402,0.487242
0.137143,2.1071,26.6667,10,FCC_face,0.528047,0.616231
0.137143,2.1071,26.6667,15,FCC_face,0.583387,0.361973
0.137143,2.1071,26.6667,20,FCC_face,0.627576,0.492391
0.137143,2.1071,30.0,5,FCC_face,0.384166,0.30941
0.137143,2.1071,30.0,10,FCC_face,0.502427,0.576059
0.137143,2.1071,30.0,15,FCC_face,0.56877,0.399657
0.137143,2.1071,30.0,20,FCC_face,0.594246,0.902575
0.137143,2.1071,33.3333,5,FCC_face,0.347593,0.206398
0.137143,2.1071,33.3333,10,FCC_face,0.418953,0.329282
0.137143,2.1071,33.3333,15,FCC_face,0.448226,0.411185
0.137143,2.1071,33.3333,20,FCC_face,0.462016,0.471318
0.137143,2.1071,36.6667,5,FCC_face,0.286903,0.553695
0.137143,2.1071,36.6667,10,FCC_face,0.326457,0.331647
0.137143,2.1071,36.6667,15,FCC_face,0.336139,0.696972
0.137143,2.1071,36.6667,20,FCC_face,0.341758,0.483637
0.137143,2.1071,40.0,5,FCC_face,0.215941,0.355672
0.137143,2.1071,40.0,10,FCC_face,0.236453,0.428893
0.137143,2.1071,40.0,15,FCC_face,0.251612,0.442672
0.137143,2.1071,40.0,20,FCC_face,0.252026,0.446528
0.137143,2.2857,30.0,5,FCC_face,0.375238,0.540721
0.137143,2.2857,30.0,10,FCC_face,0.50727,0.269294
0.137143,2.2857,30.0,15,FCC_face,0.583406,0.927688
0.137143,2.2857,30.0,20,FCC_face,0.614248,0.42919
0.137143,2.2857,33.3333,5,FCC_face,0.363925,0.166782
0.137143,2.2857,33.3333,10,FCC_face,0.454212,0.387044
0.137143,2.2857,33.3333,15,FCC_face,0.496557,0.788464
0.137143,2.2857,33.3333,20,FCC_face,0.520439,0.828336
0.137143,2.2857,36.6667,5,FCC_face,0.307326,0.826669
0.137143,2.2857,36.6667,10,FCC_face,0.367395,0.669698
0.137143,2.2857,36.6667,15,FCC_face,0.390346,0.447936
0.137143,2.2857,36.6667,20,FCC_face,0.399861,0.473073
0.137143,2.2857,40.0,5,FCC_face,0.250409,0.203109
0.137143,2.2857,40.0,10,FCC_face,0.271637,0.563424
0.137143,2.2857,40.0,15,FCC_face,0.289058,0.585022
0.137143,2.2857,40.0,20,FCC_face,0.298407,0.456051
0.137143,2.4643,30.0,5,FCC_face,0.318545,0.748518
0.137143,2.4643,30.0,10,FCC_face,0.496198,0.266706
0.137143,2.4643,30.0,15,FCC_face,0.577767,0.530418
0.137143,2.4643,30.0,20,FCC_face,0.617709,0.751451
0.137143,2.4643,33.3333,5,FCC_face,0.370616,0.192638
0.137143,2.4643,33.3333,10,FCC_face,0.479552,0.941682
0.137143,2.4643,33.3333,15,FCC_face,0.540276,0.502691
0.137143,2.4643,33.3333,20,FCC_face,0.577095,0.44908
0.137143,2.4643,36.6667,5,FCC_face,0.322785,0.275678
0.137143,2.4643,36.6667,10,FCC_face,0.398817,0.542025
0.137143,2.4643,36.6667,15,FCC_face,0.432277,0.714474
0.137143,2.4643,36.6667,20,FCC_face,0.448785,0.773047
0.137143,2.4643,40.0,5,FCC_face,0.271821,0.364757
0.137143,2.4643,40.0,10,FCC_face,0.314614,0.400113
0.137143,2.4643,40.0,15,FCC_face,0.328515,0.589014
0.137143,2.4643,40.0,20,FCC_face,0.338902,0.500942
0.137143,2.6429,33.3333,5,FCC_face,0.350653,0.265346
0.137143,2.6429,33.3333,10,FCC_face,0.485062,0.553467
0.137143,2.6429,33.3333,15,FCC_face,0.566045,0.357139
0.137143,2.6429,33.3333,20,FCC_face,0.603841,0.972725
0.137143,2.6429,36.6667,5,FCC_face,0.334237,0.164411
0.137143,2.6429,36.6667,10,FCC_face,0.425094,0.273771
0.137143,2.6429,36.6667,15,FCC_face,0.468711,0.376547
0.137143,2.6429,36.6667,20,FCC_face,0.492309,0.486516
0.137143,2.6429,40.0,5,FCC_face,0.28675,0.949168
0.137143,2.6429,40.0,10,FCC_face,0.349854,0.360643
0.137143,2.6429,40.0,15,FCC_face,0.374312,0.4272
0.137143,2.6429,40.0,20,FCC_face,0.384633,0.757215
0.137143,2.8214,36.6667,5,FCC_face,0.341801,0.14748
0.137143,2.8214,36.6667,10,FCC_face,0.447048,0.36695
0.137143,2.8214,36.6667,15,FCC_face,0.502196,0.851121
0.137143,2.8214,36.6667,20,FCC_face,0.535849,0.850241
0.137143,2.8214,40.0,5,FCC_face,0.297839,0.530563
0.137143,2.8214,40.0,10,FCC_face,0.375152,0.962933
0.137143,2.8214,40.0,15,FCC_face,0.410887,0.634062
0.137143,2.8214,40.0,20,FCC_face,0.429084,0.496674
0.137143,3.0,36.6667,5,FCC_face,0.343447,0.162699
0.137143,3.0,36.6667,10,FCC_face,0.461518,0.795042
0.137143,3.0,36.6667,15,FCC_face,0.531269,0.576543
0.137143,3.0,36.6667,20,FCC_face,0.577291,0.403878
0.137143,3.0,40.0,5,FCC_face,0.306042,0.225458
0.137143,3.0,40.0,10,FCC_face,0.395463,0.439431
0.137143,3.0,40.0,15,FCC_face,0.440019,0.609997
0.137143,3.0,40.0,20,FCC_face,0.464536,0.719002
0.147857,0.5,10.0,5,FCC_face,0.554586,0.365144
0.147857,0.5,10.0,10,FCC_face,0.52459,0.708292
0.147857,0.5,10.0,15,FCC_face,0.55805,0.585529
0.147857,0.5,10.0,20,FCC_face,0.553685,0.525696
0.147857,0.5,13.3333,5,FCC_face,0.397027,0.592684
0.147857,0.5,13.3333,10,FCC_face,0.421017,0.438972
0.147857,0.5,13.3333,15,FCC_face,0.419671,0.438138
0.147857,0.5,13.3333,20,FCC_face,0.419364,0.447894
0.147857,0.5,16.6667,5,FCC_face,0.254529,0.346294
0.147857,0.5,16.6667,10,FCC_face,0.253215,0.336658
0.147857,0.5,16.6667,15,FCC_face,0.252962,0.334098
0.147857,0.5,16.6667,20,FCC_face,0.252926,0.333909
0.147857,0.5,20.0,5,FCC_face,0.136406,0.19387
0.147857,0.5,20.0,10,FCC_face,0.136997,0.19297
0.147857,0.5,20.0,15,FCC_face,0.136973,0.192972
0.147857,0.5,20.0,20,FCC_face,0.136974,0.192972
0.147857,0.5,23.3333,5,FCC_face,0.07564,0.074663
0.147857,0.5,23.3333,10,FCC_face,0.07554,0.074663
0.147857,0.5,23.3333,15,FCC_face,0.075539,0.074663
0.147857,0.5,23.3333,20,FCC_face,0.075539,0.074663
0.147857,0.5,26.6667,5,FCC_face,0.043071,0.040749
0.147857,0.5,26.6667,10,FCC_face,0.043073,0.040749
0.147857,0.5,26.6667,15,FCC_face,0.043073,0.040749
0.147857,0.5,26.6667,20,FCC_face,0.043073,0.040749
0.147857,0.5,30.0,5,FCC_face,0.026551,0.026414
0.147857,0.5,30.0,10,FCC_face,0.026551,0.026414
0.147857,0.5,30.0,15,FCC_face,0.026551,0.026414
0.147857,0.5,30.0,20,FCC_face,0.026551,0.026414
0.147857,0.5,33.3333,5,FCC_face,0.018033,0.018542
0.147857,0.5,33.3333,10,FCC_face,0.018033,0.018542
0.147857,0.5,33.3333,15,FCC_face,0.018033,0.018542
0.147857,0.5,33.3333,20,FCC_face,0.018033,0.018542
0.147857,0.5,36.6667,5,FCC_face,0.013072,0.013662
0.147857,0.5,36.6667,10,FCC_face,0.013072,0.013662
0.147857,0.5,36.6667,15,FCC_face,0.013072,0.013662
0.147857,0.5,36.6667,20,FCC_face,0.013072,0.013662
0.147857,0.5,40.0,5,FCC_face,0.009877,0.010413
0.147857,0.5,40.0,10,FCC_face,0.009877,0.010413
0.147857,0.5,40.0,15,FCC_face,0.009877,0.010413
0.147857,0.5,40.0,20,FCC_face,0.009877,0.010413
0.147857,0.6786,10.0,5,FCC_face,0.438254,0.676896
0.147857,0.6786,10.0,10,FCC_face,0.530598,0.362862
0.147857,0.6786,10.0,15,FCC_face,0.613158,0.603018
0.147857,0.6786,10.0,20,FCC_face,0.663798,0.684223
0.147857,0.6786,13.3333,5,FCC_face,0.459213,0.240092
0.147857,0.6786,13.3333,10,FCC_face,0.536325,0.385669
0.147857,0.6786,13.3333,15,FCC_face,0.553072,0.469741
0.147857,0.6786,13.3333,20,FCC_face,0.557896,0.517232
0.147857,0.6786,16.6667,5,FCC_face,0.400818,0.527971
0.147857,0.6786,16.6667,10,FCC_face,0.426942,0.438299
0.147857,0.6786,16.6667,15,FCC_face,0.432204,0.478719
0.147857,0.6786,16.6667,20,FCC_face,0.431487,0.473296
0.147857,0.6786,20.0,5,FCC_face,0.265737,0.455322
0.147857,0.6786,20.0,10,FCC_face,0.263799,0.370253
0.147857,0.6786,20.0,15,FCC_face,0.262893,0.366805
0.147857,0.6786,20.0,20,FCC_face,0.262713,0.369055
0.147857,0.6786,23.3333,5,FCC_face,0.149546,0.231757
0.147857,0.6786,23.3333,10,FCC_face,0.151867,0.226404
0.147857,0.6786,23.3333,15,FCC_face,0.151693,0.226572
0.147857,0.6786,23.3333,20,FCC_face,0.151716,0.22657
0.147857,0.6786,26.6667,5,FCC_face,0.088149,0.076579
0.147857,0.6786,26.6667,10,FCC_face,0.087649,0.076577
0.147857,0.6786,26.6667,15,FCC_face,0.087625,0.076577
0.147857,0.6786,26.6667,20,FCC_face,0.087623,0.076577
0.147857,0.6786,30.0,5,FCC_face,0.050363,0.040408
0.147857,0.6786,30.0,10,FCC_face,0.050482,0.040408
0.147857,0.6786,30.0,15,FCC_face,0.050481,0.040408
0.147857,0.6786,30.0,20,FCC_face,0.050481,0.040408
0.147857,0.6786,33.3333,5,FCC_face,0.029836,0.026444
0.147857,0.6786,33.3333,10,FCC_face,0.029836,0.026444
0.147857,0.6786,33.3333,15,FCC_face,0.029836,0.026444
0.147857,0.6786,33.3333,20,FCC_face,0.029836,0.026444
0.147857,0.6786,36.6667,5,FCC_face,0.019481,0.018862
0.147857,0.6786,36.6667,10,FCC_face,0.019481,0.018862
0.147857,0.6786,36.6667,15,FCC_face,0.019481,0.018862
0.147857,0.6786,36.6667,20,FCC_face,0.019481,0.018862
0.147857,0.6786,40.0,5,FCC_face,0.014031,0.014129
0.147857,0.6786,40.0,10,FCC_face,0.014031,0.014129
0.147857,0.6786,40.0,15,FCC_face,0.014031,0.014129
0.147857,0.6786,40.0,20,FCC_face,0.014031,0.014129
0.147857,0.8571,13.3333,5,FCC_face,0.514085,0.247925
0.147857,0.8571,13.3333,10,FCC_face,0.534555,0.731331
0.147857,0.8571,13.3333,15,FCC_face,0.629173,0.840335
0.147857,0.8571,13.3333,20,FCC_face,0.631512,0.568105
0.147857,0.8571,16.6667,5,FCC_face,0.454446,0.475248
0.147857,0.8571,16.6667,10,FCC_face,0.537918,0.793158
0.147857,0.8571,16.6667,15,FCC_face,0.540022,0.576102
0.147857,0.8571,16.6667,20,FCC_face,0.549105,0.51569
0.147857,0.8571,20.0,5,FCC_face,0.381119,0.288455
0.147857,0.8571,20.0,10,FCC_face,0.402522,0.530977
0.147857,0.8571,20.0,15,FCC_face,0.409054,0.513639
0.147857,0.8571,20.0,20,FCC_face,0.411229,0.474028
0.147857,0.8571,23.3333,5,FCC_face,0.256354,0.405731
0.147857,0.8571,23.3333,10,FCC_face,0.252997,0.365203
0.147857,0.8571,23.3333,15,FCC_face,0.252166,0.384769
0.147857,0.8571,23.3333,20,FCC_face,0.252391,0.379594
0.147857,0.8571,26.6667,5,FCC_face,0.148019,0.224819
0.147857,0.8571,26.6667,10,FCC_face,0.153762,0.230514
0.147857,0.8571,26.6667,15,FCC_face,0.153057,0.230206
0.147857,0.8571,26.6667,20,FCC_face,0.153218,0.230222
0.147857,0.8571,30.0,5,FCC_face,0.093117,0.07012
0.147857,0.8571,30.0,10,FCC_face,0.092181,0.070119
0.147857,0.8571,30.0,15,FCC_face,0.09209,0.070119
0.147857,0.8571,30.0,20,FCC_face,0.09208,0.070119
0.147857,0.8571,33.3333,5,FCC_face,0.05387,0.037726
0.147857,0.8571,33.3333,10,FCC_face,0.054373,0.037726
0.147857,0.8571,33.3333,15,FCC_face,0.054351,0.037726
0.147857,0.8571,33.3333,20,FCC_face,0.054353,0.037726
0.147857,0.8571,36.6667,5,FCC_face,0.031852,0.025216
0.147857,0.8571,36.6667,10,FCC_face,0.031822,0.025216
0.147857,0.8571,36.6667,15,FCC_face,0.031823,0.025216
0.147857,0.8571,36.6667,20,FCC_face,0.031823,0.025216
0.147857,0.8571,40.0,5,FCC_face,0.019949,0.018325
0.147857,0.8571,40.0,10,FCC_face,0.019949,0.018325
0.147857,0.8571,40.0,15,FCC_face,0.019949,0.018325
0.147857,0.8571,40.0,20,FCC_face,0.019949,0.018325
0.147857,1.0357,13.3333,5,FCC_face,0.389373,0.331991
0.147857,1.0357,13.3333,10,FCC_face,0.522203,0.713642
0.147857,1.0357,13.3333,15,FCC_face,0.602316,0.357535
0.147857,1.0357,13.3333,20,FCC_face,0.66536,0.678718
0.147857,1.0357,16.6667,5,FCC_face,0.408974,0.191754
0.147857,1.0357,16.6667,10,FCC_face,0.554229,0.337507
0.147857,1.0357,16.6667,15,FCC_face,0.596277,0.441538
0.147857,1.0357,16.6667,20,FCC_face,0.621284,0.512646
0.147857,1.0357,20.0,5,FCC_face,0.431447,0.821093
0.147857,1.0357,20.0,10,FCC_face,0.509132,0.364517
0.147857,1.0357,20.0,15,FCC_face,0.526419,0.684052
0.147857,1.0357,20.0,20,FCC_face,0.525632,0.517108
0.147857,1.0357,23.3333,5,FCC_face,0.345465,0.297102
0.147857,1.0357,23.3333,10,FCC_face,0.364315,0.408414
0.147857,1.0357,23.3333,15,FCC_face,0.368087,0.450409
0.147857,1.0357,23.3333,20,FCC_face,0.369091,0.4681
0.147857,1.0357,26.6667,5,FCC_face,0.235697,0.268359
0.147857,1.0357,26.6667,10,FCC_face,0.231226,0.39269
0.147857,1.0357,26.6667,15,FCC_face,0.233575,0.38111
0.147857,1.0357,26.6667,20,FCC_face,0.234472,0.374901
0.147857,1.0357,30.0,5,FCC_face,0.139937,0.198334
0.147857,1.0357,30.0,10,FCC_face,0.148271,0.206812
0.147857,1.0357,30.0,15,FCC_face,0.147399,0.20722
0.147857,1.0357,30.0,20,FCC_face,0.147473,0.207219
0.147857,1.0357,33.3333,5,FCC_face,0.093289,0.059813
0.147857,1.0357,33.3333,10,FCC_face,0.091786,0.059814
0.147857,1.0357,33.3333,15,FCC_face,0.091534,0.059814
0.147857,1.0357,33.3333,20,FCC_face,0.091489,0.059814
0.147857,1.0357,36.6667,5,FCC_face,0.054282,0.034133
0.147857,1.0357,36.6667,10,FCC_face,0.055333,0.034133
0.147857,1.0357,36.6667,15,FCC_face,0.055254,0.034133
0.147857,1.0357,36.6667,20,FCC_face,0.055262,0.034133
0.147857,1.0357,40.0,5,FCC_face,0.032681,0.02348
0.147857,1.0357,40.0,10,FCC_face,0.032539,0.02348
0.147857,1.0357,40.0,15,FCC_face,0.03254,0.02348
0.147857,1.0357,40.0,20,FCC_face,0.03254,0.02348
0.147857,1.2143,16.6667,5,FCC_face,0.41538,0.168365
0.147857,1.2143,16.6667,10,FCC_face,0.545584,0.364625
0.147857,1.2143,16.6667,15,FCC_face,0.625295,0.65218
0.147857,1.2143,16.6667,20,FCC_face,0.63765,0.899333
0.147857,1.2143,20.0,5,FCC_face,0.430819,0.512735
0.147857,1.2143,20.0,10,FCC_face,0.561356,0.843107
0.147857,1.2143,20.0,15,FCC_face,0.576565,0.506196
0.147857,1.2143,20.0,20,FCC_face,0.597063,0.492787
0.147857,1.2143,23.3333,5,FCC_face,0.409384,0.28661
0.147857,1.2143,23.3333,10,FCC_face,0.460049,0.783579
0.147857,1.2143,23.3333,15,FCC_face,0.481163,0.497547
0.147857,1.2143,23.3333,20,FCC_face,0.48907,0.512007
0.147857,1.2143,26.6667,5,FCC_face,0.309013,0.739794
0.147857,1.2143,26.6667,10,FCC_face,0.325274,0.500776
0.147857,1.2143,26.6667,15,FCC_face,0.326918,0.432555
0.147857,1.2143,26.6667,20,FCC_face,0.326649,0.461383
0.147857,1.2143,30.0,5,FCC_face,0.20594,0.340164
0.147857,1.2143,30.0,10,FCC_face,0.209369,0.356512
0.147857,1.2143,30.0,15,FCC_face,0.213818,0.3577
0.147857,1.2143,30.0,20,FCC_face,0.213068,0.358178
0.147857,1.2143,33.3333,5,FCC_face,0.130462,0.15949
0.147857,1.2143,33.3333,10,FCC_face,0.137542,0.155338
0.147857,1.2143,33.3333,15,FCC_face,0.138396,0.155308
0.147857,1.2143,33.3333,20,FCC_face,0.138011,0.155308
0.147857,1.2143,36.6667,5,FCC_face,0.090273,0.04958
0.147857,1.2143,36.6667,10,FCC_face,0.088107,0.049581
0.147857,1.2143,36.6667,15,FCC_face,0.087731,0.049581
0.147857,1.2143,36.6667,20,FCC_face,0.087679,0.049581
0.147857,1.2143,40.0,5,FCC_face,0.052497,0.030376
0.147857,1.2143,40.0,10,FCC_face,0.054071,0.030376
0.147857,1.2143,40.0,15,FCC_face,0.053924,0.030376
0.147857,1.2143,40.0,20,FCC_face,0.05394,0.030376
0.147857,1.3929,20.0,5,FCC_face,0.392557,0.200576
0.147857,1.3929,20.0,10,FCC_face,0.5606,0.474386
0.147857,1.3929,20.0,15,FCC_face,0.593175,0.754763
0.147857,1.3929,20.0,20,FCC_face,0.639525,0.881123
0.147857,1.3929,23.3333,5,FCC_face,0.426412,0.702716
0.147857,1.3929,23.3333,10,FCC_face,0.522484,0.333387
0.147857,1.3929,23.3333,15,FCC_face,0.560194,0.816743
0.147857,1.3929,23.3333,20,FCC_face,0.565718,0.488217
0.147857,1.3929,26.6667,5,FCC_face,0.363783,0.23316
0.147857,1.3929,26.6667,10,FCC_face,0.404259,0.355509
0.147857,1.3929,26.6667,15,FCC_face,0.416545,0.438491
0.147857,1.3929,26.6667,20,FCC_face,0.421235,0.495408
0.147857,1.3929,30.0,5,FCC_face,0.274,0.370598
0.147857,1.3929,30.0,10,FCC_face,0.281491,0.443861
0.147857,1.3929,30.0,15,FCC_face,0.282985,0.446078
0.147857,1.3929,30.0,20,FCC_face,0.285281,0.457426
0.147857,1.3929,33.3333,5,FCC_face,0.17479,0.385407
0.147857,1.3929,33.3333,10,FCC_face,0.190754,0.305082
0.147857,1.3929,33.3333,15,FCC_face,0.191411,0.324936
0.147857,1.3929,33.3333,20,FCC_face,0.191778,0.325362
0.147857,1.3929,36.6667,5,FCC_face,0.12134,0.095624
0.147857,1.3929,36.6667,10,FCC_face,0.124974,0.095755
0.147857,1.3929,36.6667,15,FCC_face,0.126809,0.095755
0.147857,1.3929,36.6667,20,FCC_face,0.127046,0.095755
0.147857,1.3929,40.0,5,FCC_face,0.084451,0.041023
0.147857,1.3929,40.0,10,FCC_face,0.08185,0.041023
0.147857,1.3929,40.0,15,FCC_face,0.081832,0.041023
0.147857,1.3929,40.0,20,FCC_face,0.081942,0.041023
0.147857,1.5714,20.0,5,FCC_face,0.333929,0.14131
0.147857,1.5714,20.0,10,FCC_face,0.503192,0.254355
0.147857,1.5714,20.0,15,FCC_face,0.589925,0.346434
0.147857,1.5714,20.0,20,FCC_face,0.640607,0.422652
0.147857,1.5714,23.3333,5,FCC_face,0.3899,0.796093
0.147857,1.5714,23.3333,10,FCC_face,0.550929,0.480541
0.147857,1.5714,23.3333,15,FCC_face,0.589737,0.395276
0.147857,1.5714,23.3333,20,FCC_face,0.608079,0.747875
0.147857,1.5714,26.6667,5,FCC_face,0.402531,0.23588
0.147857,1.5714,26.6667,10,FCC_face,0.471458,0.817425
0.147857,1.5714,26.6667,15,FCC_face,0.502394,0.584282
0.147857,1.5714,26.6667,20,FCC_face,0.517963,0.485057
0.147857,1.5714,30.0,5,FCC_face,0.31997,0.714159
0.147857,1.5714,30.0,10,FCC_face,0.354125,0.669108
0.147857,1.5714,30.0,15,FCC_face,0.362846,0.491671
0.147857,1.5714,30.0,20,FCC_face,0.365074,0.473206
0.147857,1.5714,33.3333,5,FCC_face,0.236291,0.238264
0.147857,1.5714,33.3333,10,FCC_face,0.240366,0.358465
0.147857,1.5714,33.3333,15,FCC_face,0.249426,0.434216
0.147857,1.5714,33.3333,20,FCC_face,0.251716,0.439845
0.147857,1.5714,36.6667,5,FCC_face,0.152282,0.214335
0.147857,1.5714,36.6667,10,FCC_face,0.172332,0.264358
0.147857,1.5714,36.6667,15,FCC_face,0.170206,0.268525
0.147857,1.5714,36.6667,20,FCC_face,0.171565,0.26719
0.147857,1.5714,40.0,5,FCC_face,0.112694,0.063324
0.147857,1.5714,40.0,10,FCC_face,0.1141,0.063366
0.147857,1.5714,40.0,15,FCC_face,0.114633,0.063366
0.147857,1.5714,40.0,20,FCC_face,0.114945,0.063366
0.147857,1.75,23.3333,5,FCC_face,0.384697,0.305596
0.147857,1.75,23.3333,10,FCC_face,0.529319,0.991503
0.147857,1.75,23.3333,15,FCC_face,0.591752,0.671612
0.147857,1.75,23.3333,20,FCC_face,0.636995,0.484853
0.147857,1.75,26.6667,5,FCC_face,0.406707,0.427935
0.147857,1.75,26.6667,10,FCC_face,0.510583,0.414068
0.147857,1.75,26.6667,15,FCC_face,0.565745,0.541194
0.147857,1.75,26.6667,20,FCC_face,0.580631,0.655008
0.147857,1.75,30.0,5,FCC_face,0.355083,0.222807
0.147857,1.75,30.0,10,FCC_face,0.410989,0.346261
0.147857,1.75,30.0,15,FCC_face,0.43097,0.42449
0.147857,1.75,30.0,20,FCC_face,0.439403,0.479185
0.147857,1.75,33.3333,5,FCC_face,0.281213,0.417838
0.147857,1.75,33.3333,10,FCC_face,0.30302,0.398938
0.147857,1.75,33.3333,15,FCC_face,0.307199,0.541715
0.147857,1.75,33.3333,20,FCC_face,0.311168,0.468115
0.147857,1.75,36.6667,5,FCC_face,0.193504,0.59388
0.147857,1.75,36.6667,10,FCC_face,0.21294,0.436095
0.147857,1.75,36.6667,15,FCC_face,0.220106,0.384356
0.147857,1.75,36.6667,20,FCC_face,0.218744,0.380006
0.147857,1.75,40.0,5,FCC_face,0.13645,0.177163
0.147857,1.75,40.0,10,FCC_face,0.149806,0.167064
0.147857,1.75,40.0,15,FCC_face,0.152858,0.167489
0.147857,1.75,40.0,20,FCC_face,0.151965,0.167504
0.147857,1.9286,23.3333,5,FCC_face,0.336004,0.166556
0.147857,1.9286,23.3333,10,FCC_face,0.515088,0.433272
0.147857,1.9286,23.3333,15,FCC_face,0.57125,0.784371
0.147857,1.9286,23.3333,20,FCC_face,0.641128,0.983496
0.147857,1.9286,26.6667,5,FCC_face,0.373945,0.837508
0.147857,1.9286,26.6667,10,FCC_face,0.53102,0.284243
0.147857,1.9286,26.6667,15,FCC_face,0.588986,0.735217
0.147857,1.9286,26.6667,20,FCC_face,0.608913,0.590122
0.147857,1.9286,30.0,5,FCC_face,0.380981,0.187172
0.147857,1.9286,30.0,10,FCC_face,0.459798,0.510518
0.147857,1.9286,30.0,15,FCC_face,0.494706,0.866149
0.147857,1.9286,30.0,20,FCC_face,0.514197,0.617218
0.147857,1.9286,33.3333,5,FCC_face,0.311952,0.855394
0.147857,1.9286,33.3333,10,FCC_face,0.358481,0.615047
0.147857,1.9286,33.3333,15,FCC_face,0.37327,0.44238
0.147857,1.9286,33.3333,20,FCC_face,0.378237,0.482706
0.147857,1.9286,36.6667,5,FCC_face,0.242169,0.214225
0.147857,1.9286,36.6667,10,FCC_face,0.253291,0.386892
0.147857,1.9286,36.6667,15,FCC_face,0.266702,0.520354
0.147857,1.9286,36.6667,20,FCC_face,0.27187,0.490346
0.147857,1.9286,40.0,5,FCC_face,0.162503,0.231637
0.147857,1.9286,40.0,10,FCC_face,0.1907,0.361658
0.147857,1.9286,40.0,15,FCC_face,0.189404,0.317012
0.147857,1.9286,40.0,20,FCC_face,0.193159,0.32897
0.147857,2.1071,26.6667,5,FCC_face,0.342771,0.642062
0.147857,2.1071,26.6667,10,FCC_face,0.524178,0.453663
0.147857,2.1071,26.6667,15,FCC_face,0.587462,0.34359
0.147857,2.1071,26.6667,20,FCC_face,0.62263,0.71419
0.147857,2.1071,30.0,5,FCC_face,0.38379,0.251298
0.147857,2.1071,30.0,10,FCC_face,0.491288,0.878715
0.147857,2.1071,30.0,15,FCC_face,0.550423,0.383109
0.147857,2.1071,30.0,20,FCC_face,0.577913,0.676101
0.147857,2.1071,33.3333,5,FCC_face,0.335423,0.261173
0.147857,2.1071,33.3333,10,FCC_face,0.400698,0.456748
0.147857,2.1071,33.3333,15,FCC_face,0.426582,0.571369
0.147857,2.1071,33.3333,20,FCC_face,0.438274,0.623958
0.147857,2.1071,36.6667,5,FCC_face,0.273984,0.346377
0.147857,2.1071,36.6667,10,FCC_face,0.303984,0.455003
0.147857,2.1071,36.6667,15,FCC_face,0.312911,0.50255
0.147857,2.1071,36.6667,20,FCC_face,0.320239,0.524146
0.147857,2.1071,40.0,5,FCC_face,0.19715,0.642278
0.147857,2.1071,40.0,10,FCC_face,0.2224,0.532056
0.147857,2.1071,40.0,15,FCC_face,0.234242,0.443429
0.147857,2.1071,40.0,20,FCC_face,0.232947,0.417044
0.147857,2.2857,30.0,5,FCC_face,0.376066,0.419168
0.147857,2.2857,30.0,10,FCC_face,0.498808,0.322055
0.147857,2.2857,30.0,15,FCC_face,0.577927,0.621759
0.147857,2.2857,30.0,20,FCC_face,0.604783,0.539374
0.147857,2.2857,33.3333,5,FCC_face,0.353142,0.166879
0.147857,2.2857,33.3333,10,FCC_face,0.436481,0.304571
0.147857,2.2857,33.3333,15,FCC_face,0.473931,0.48915
0.147857,2.2857,33.3333,20,FCC_face,0.493606,0.695324
0.147857,2.2857,36.6667,5,FCC_face,0.295715,0.982987
0.147857,2.2857,36.6667,10,FCC_face,0.34926,0.400179
0.147857,2.2857,36.6667,15,FCC_face,0.36756,0.416605
0.147857,2.2857,36.6667,20,FCC_face,0.374269,0.662194
0.147857,2.2857,40.0,5,FCC_face,0.235204,0.204684
0.147857,2.2857,40.0,10,FCC_face,0.254038,0.342601
0.147857,2.2857,40.0,15,FCC_face,0.272249,0.501517
0.147857,2.2857,40.0,20,FCC_face,0.27921,0.544324
0.147857,2.4643,30.0,5,FCC_face,0.339108,0.685199
0.147857,2.4643,30.0,10,FCC_face,0.50454,0.244488
0.147857,2.4643,30.0,15,FCC_face,0.579721,0.828232
0.147857,2.4643,30.0,20,FCC_face,0.612952,0.497715
0.147857,2.4643,33.3333,5,FCC_face,0.364466,0.170909
0.147857,2.4643,33.3333,10,FCC_face,0.466079,0.633262
0.147857,2.4643,33.3333,15,FCC_face,0.518741,0.828492
0.147857,2.4643,33.3333,20,FCC_face,0.551635,0.478608
0.147857,2.4643,36.6667,5,FCC_face,0.312096,0.422152
0.147857,2.4643,36.6667,10,FCC_face,0.382124,0.904962
0.147857,2.4643,36.6667,15,FCC_face,0.411998,0.816583
0.147857,2.4643,36.6667,20,FCC_face,0.426229,0.642463
0.147857,2.4643,40.0,5,FCC_face,0.259941,0.249226
0.147857,2.4643,40.0,10,FCC_face,0.292359,0.718212
0.147857,2.4643,40.0,15,FCC_face,0.308052,0.397037
0.147857,2.4643,40.0,20,FCC_face,0.319284,0.635947
0.147857,2.6429,33.3333,5,FCC_face,0.353075,0.218666
0.147857,2.6429,33.3333,10,FCC_face,0.477984,0.867986
0.147857,2.6429,33.3333,15,FCC_face,0.551865,0.348702
0.147857,2.6429,33.3333,20,FCC_face,0.5914,0.664747
0.147857,2.6429,36.6667,5,FCC_face,0.324515,0.191569
0.147857,2.6429,36.6667,10,FCC_face,0.409085,0.318922
0.147857,2.6429,36.6667,15,FCC_face,0.448658,0.405285
0.147857,2.6429,36.6667,20,FCC_face,0.469401,0.466078
0.147857,2.6429,40.0,5,FCC_face,0.276332,0.613685
0.147857,2.6429,40.0,10,FCC_face,0.331716,0.295934
0.147857,2.6429,40.0,15,FCC_face,0.350191,0.72598
0.147857,2.6429,40.0,20,FCC_face,0.359755,0.536431
0.147857,2.8214,36.6667,5,FCC_face,0.333405,0.146483
0.147857,2.8214,36.6667,10,FCC_face,0.431891,0.281996
0.147857,2.8214,36.6667,15,FCC_face,0.481786,0.498808
0.147857,2.8214,36.6667,20,FCC_face,0.510547,0.787224
0.147857,2.8214,40.0,5,FCC_face,0.288356,0.876149
0.147857,2.8214,40.0,10,FCC_face,0.359546,0.574121
0.147857,2.8214,40.0,15,FCC_face,0.390932,0.392531
0.147857,2.8214,40.0,20,FCC_face,0.405857,0.48121
0.147857,3.0,36.6667,5,FCC_face,0.338361,0.147515
0.147857,3.0,36.6667,10,FCC_face,0.450335,0.505775
0.147857,3.0,36.6667,15,FCC_face,0.512477,0.956631
0.147857,3.0,36.6667,20,FCC_face,0.553072,0.51808
0.147857,3.0,40.0,5,FCC_face,0.297377,0.330311
0.147857,3.0,40.0,10,FCC_face,0.380935,0.807125
0.147857,3.0,40.0,15,FCC_face,0.421645,0.946952
0.147857,3.0,40.0,20,FCC_face,0.443549,0.797433
0.158571,0.5,10.0,5,FCC_face,0.545075,0.340742
0.158571,0.5,10.0,10,FCC_face,0.515434,0.651369
0.158571,0.5,10.0,15,FCC_face,0.546313,0.602903
0.158571,0.5,10.0,20,FCC_face,0.541344,0.530468
0.158571,0.5,13.3333,5,FCC_face,0.384466,0.582946
0.158571,0.5,13.3333,10,FCC_face,0.405645,0.411617
0.158571,0.5,13.3333,15,FCC_face,0.4052,0.432749
0.158571,0.5,13.3333,20,FCC_face,0.404769,0.434572
0.158571,0.5,16.6667,5,FCC_face,0.239174,0.343705
0.158571,0.5,16.6667,10,FCC_face,0.237329,0.320972
0.158571,0.5,16.6667,15,FCC_face,0.237066,0.319425
0.158571,0.5,16.6667,20,FCC_face,0.237039,0.319495
0.158571,0.5,20.0,5,FCC_face,0.126392,0.173831
0.158571,0.5,20.0,10,FCC_face,0.127029,0.173637
0.158571,0.5,20.0,15,FCC_face,0.127007,0.173637
0.158571,0.5,20.0,20,FCC_face,0.127008,0.173637
0.158571,0.5,23.3333,5,FCC_face,0.069518,0.06736
0.158571,0.5,23.3333,10,FCC_face,0.06945,0.06736
0.158571,0.5,23.3333,15,FCC_face,0.06945,0.06736
0.158571,0.5,23.3333,20,FCC_face,0.06945,0.06736
0.158571,0.5,26.6667,5,FCC_face,0.039476,0.037568
0.158571,0.5,26.6667,10,FCC_face,0.039475,0.037568
0.158571,0.5,26.6667,15,FCC_face,0.039475,0.037568
0.158571,0.5,26.6667,20,FCC_face,0.039475,0.037568
0.158571,0.5,30.0,5,FCC_face,0.024486,0.024525
0.158571,0.5,30.0,10,FCC_face,0.024486,0.024525
0.158571,0.5,30.0,15,FCC_face,0.024486,0.024525
0.158571,0.5,30.0,20,FCC_face,0.024486,0.024525
0.158571,0.5,33.3333,5,FCC_face,0.016732,0.017268
0.158571,0.5,33.3333,10,FCC_face,0.016732,0.017268
0.158571,0.5,33.3333,15,FCC_face,0.016732,0.017268
0.158571,0.5,33.3333,20,FCC_face,0.016732,0.017268
0.158571,0.5,36.6667,5,FCC_face,0.012167,0.012742
0.158571,0.5,36.6667,10,FCC_face,0.012167,0.012742
0.158571,0.5,36.6667,15,FCC_face,0.012167,0.012742
0.158571,0.5,36.6667,20,FCC_face,0.012167,0.012742
0.158571,0.5,40.0,5,FCC_face,0.009207,0.009719
0.158571,0.5,40.0,10,FCC_face,0.009207,0.009719
0.158571,0.5,40.0,15,FCC_face,0.009207,0.009719
0.158571,0.5,40.0,20,FCC_face,0.009207,0.009719
0.158571,0.6786,10.0,5,FCC_face,0.439182,0.626262
0.158571,0.6786,10.0,10,FCC_face,0.535241,0.397413
0.158571,0.6786,10.0,15,FCC_face,0.616554,0.539315
0.158571,0.6786,10.0,20,FCC_face,0.657942,0.756509
0.158571,0.6786,13.3333,5,FCC_face,0.448052,0.246405
0.158571,0.6786,13.3333,10,FCC_face,0.528937,0.398109
0.158571,0.6786,13.3333,15,FCC_face,0.540056,0.479481
0.158571,0.6786,13.3333,20,FCC_face,0.546318,0.520521
0.158571,0.6786,16.6667,5,FCC_face,0.387266,0.444209
0.158571,0.6786,16.6667,10,FCC_face,0.408952,0.472287
0.158571,0.6786,16.6667,15,FCC_face,0.4141,0.44544
0.158571,0.6786,16.6667,20,FCC_face,0.413985,0.467249
0.158571,0.6786,20.0,5,FCC_face,0.24962,0.419997
0.158571,0.6786,20.0,10,FCC_face,0.246433,0.344007
0.158571,0.6786,20.0,15,FCC_face,0.245629,0.352968
0.158571,0.6786,20.0,20,FCC_face,0.245565,0.352969
0.158571,0.6786,23.3333,5,FCC_face,0.13801,0.201085
0.158571,0.6786,23.3333,10,FCC_face,0.140579,0.20187
0.158571,0.6786,23.3333,15,FCC_face,0.140348,0.201856
0.158571,0.6786,23.3333,20,FCC_face,0.140376,0.201856
0.158571,0.6786,26.6667,5,FCC_face,0.080796,0.067551
0.158571,0.6786,26.6667,10,FCC_face,0.080229,0.06755
0.158571,0.6786,26.6667,15,FCC_face,0.080206,0.06755
0.158571,0.6786,26.6667,20,FCC_face,0.080205,0.06755
0.158571,0.6786,30.0,5,FCC_face,0.045715,0.037012
0.158571,0.6786,30.0,10,FCC_face,0.045769,0.037012
0.158571,0.6786,30.0,15,FCC_face,0.04577,0.037012
0.158571,0.6786,30.0,20,FCC_face,0.04577,0.037012
0.158571,0.6786,33.3333,5,FCC_face,0.027097,0.024482
0.158571,0.6786,33.3333,10,FCC_face,0.027098,0.024482
0.158571,0.6786,33.3333,15,FCC_face,0.027098,0.024482
0.158571,0.6786,33.3333,20,FCC_face,0.027098,0.024482
0.158571,0.6786,36.6667,5,FCC_face,0.017936,0.01754
0.158571,0.6786,36.6667,10,FCC_face,0.017936,0.01754
0.158571,0.6786,36.6667,15,FCC_face,0.017936,0.01754
0.158571,0.6786,36.6667,20,FCC_face,0.017936,0.01754
0.158571,0.6786,40.0,5,FCC_face,0.013013,0.013168
0.158571,0.6786,40.0,10,FCC_face,0.013013,0.013168
0.158571,0.6786,40.0,15,FCC_face,0.013013,0.013168
0.158571,0.6786,40.0,20,FCC_face,0.013013,0.013168
0.158571,0.8571,13.3333,5,FCC_face,0.507666,0.233172
0.158571,0.8571,13.3333,10,FCC_face,0.539987,0.621551
0.158571,0.8571,13.3333,15,FCC_face,0.618164,0.88292
0.158571,0.8571,13.3333,20,FCC_face,0.623557,0.652087
0.158571,0.8571,16.6667,5,FCC_face,0.443144,0.58737
0.158571,0.8571,16.6667,10,FCC_face,0.529034,0.705007
0.158571,0.8571,16.6667,15,FCC_face,0.52753,0.496505
0.158571,0.8571,16.6667,20,FCC_face,0.533707,0.508429
0.158571,0.8571,20.0,5,FCC_face,0.364705,0.269007
0.158571,0.8571,20.0,10,FCC_face,0.382131,0.445911
0.158571,0.8571,20.0,15,FCC_face,0.386839,0.497663
0.158571,0.8571,20.0,20,FCC_face,0.388557,0.478301
0.158571,0.8571,23.3333,5,FCC_face,0.23991,0.326381
0.158571,0.8571,23.3333,10,FCC_face,0.235024,0.373397
0.158571,0.8571,23.3333,15,FCC_face,0.235052,0.35913
0.158571,0.8571,23.3333,20,FCC_face,0.235502,0.363032
0.158571,0.8571,26.6667,5,FCC_face,0.136624,0.193017
0.158571,0.8571,26.6667,10,FCC_face,0.141935,0.199715
0.158571,0.8571,26.6667,15,FCC_face,0.141364,0.199677
0.158571,0.8571,26.6667,20,FCC_face,0.141428,0.199674
0.158571,0.8571,30.0,5,FCC_face,0.085339,0.061227
0.158571,0.8571,30.0,10,FCC_face,0.084132,0.061227
0.158571,0.8571,30.0,15,FCC_face,0.08402,0.061227
0.158571,0.8571,30.0,20,FCC_face,0.084009,0.061227
0.158571,0.8571,33.3333,5,FCC_face,0.048618,0.034444
0.158571,0.8571,33.3333,10,FCC_face,0.04896,0.034444
0.158571,0.8571,33.3333,15,FCC_face,0.048956,0.034444
0.158571,0.8571,33.3333,20,FCC_face,0.048956,0.034444
0.158571,0.8571,36.6667,5,FCC_face,0.028492,0.023307
0.158571,0.8571,36.6667,10,FCC_face,0.0285,0.023307
0.158571,0.8571,36.6667,15,FCC_face,0.0285,0.023307
0.158571,0.8571,36.6667,20,FCC_face,0.0285,0.023307
0.158571,0.8571,40.0,5,FCC_face,0.018184,0.017027
0.158571,0.8571,40.0,10,FCC_face,0.018183,0.017027
0.158571,0.8571,40.0,15,FCC_face,0.018183,0.017027
0.158571,0.8571,40.0,20,FCC_face,0.018183,0.017027
0.158571,1.0357,13.3333,5,FCC_face,0.412879,0.307638
0.158571,1.0357,13.3333,10,FCC_face,0.519011,0.841839
0.158571,1.0357,13.3333,15,FCC_face,0.600243,0.373139
0.158571,1.0357,13.3333,20,FCC_face,0.666065,0.573204
0.158571,1.0357,16.6667,5,FCC_face,0.408979,0.20196
0.158571,1.0357,16.6667,10,FCC_face,0.559288,0.373966
0.158571,1.0357,16.6667,15,FCC_face,0.588608,0.502853
0.158571,1.0357,16.6667,20,FCC_face,0.612675,0.585887
0.158571,1.0357,20.0,5,FCC_face,0.4277,0.660459
0.158571,1.0357,20.0,10,FCC_face,0.490521,0.380349
0.158571,1.0357,20.0,15,FCC_face,0.51068,0.647947
0.158571,1.0357,20.0,20,FCC_face,0.510126,0.499399
0.158571,1.0357,23.3333,5,FCC_face,0.329149,0.36365
0.158571,1.0357,23.3333,10,FCC_face,0.344614,0.479303
0.158571,1.0357,23.3333,15,FCC_face,0.347075,0.487019
0.158571,1.0357,23.3333,20,FCC_face,0.347457,0.478565
0.158571,1.0357,26.6667,5,FCC_face,0.21812,0.263295
0.158571,1.0357,26.6667,10,FCC_face,0.214875,0.33773
0.158571,1.0357,26.6667,15,FCC_face,0.217891,0.356637
0.158571,1.0357,26.6667,20,FCC_face,0.218194,0.356381
0.158571,1.0357,30.0,5,FCC_face,0.129743,0.170656
0.158571,1.0357,30.0,10,FCC_face,0.135962,0.168735
0.158571,1.0357,30.0,15,FCC_face,0.135957,0.168693
0.158571,1.0357,30.0,20,FCC_face,0.135776,0.168692
0.158571,1.0357,33.3333,5,FCC_face,0.085243,0.052402
0.158571,1.0357,33.3333,10,FCC_face,0.083406,0.052402
0.158571,1.0357,33.3333,15,FCC_face,0.083201,0.052402
0.158571,1.0357,33.3333,20,FCC_face,0.083185,0.052402
0.158571,1.0357,36.6667,5,FCC_face,0.048821,0.031155
0.158571,1.0357,36.6667,10,FCC_face,0.049533,0.031155
0.158571,1.0357,36.6667,15,FCC_face,0.049516,0.031155
0.158571,1.0357,36.6667,20,FCC_face,0.049514,0.031155
0.158571,1.0357,40.0,5,FCC_face,0.028835,0.021693
0.158571,1.0357,40.0,10,FCC_face,0.02884,0.021693
0.158571,1.0357,40.0,15,FCC_face,0.028842,0.021693
0.158571,1.0357,40.0,20,FCC_face,0.028842,0.021693
0.158571,1.2143,16.6667,5,FCC_face,0.407415,0.163561
0.158571,1.2143,16.6667,10,FCC_face,0.543861,0.326231
0.158571,1.2143,16.6667,15,FCC_face,0.625284,0.529379
0.158571,1.2143,16.6667,20,FCC_face,0.637282,0.74489
0.158571,1.2143,20.0,5,FCC_face,0.42202,0.664128
0.158571,1.2143,20.0,10,FCC_face,0.555719,0.662125
0.158571,1.2143,20.0,15,FCC_face,0.569176,0.436116
0.158571,1.2143,20.0,20,FCC_face,0.581423,0.550522
0.158571,1.2143,23.3333,5,FCC_face,0.396601,0.250947
0.158571,1.2143,23.3333,10,FCC_face,0.440474,0.647833
0.158571,1.2143,23.3333,15,FCC_face,0.457092,0.602986
0.158571,1.2143,23.3333,20,FCC_face,0.464482,0.49395
0.158571,1.2143,26.6667,5,FCC_face,0.293661,0.711854
0.158571,1.2143,26.6667,10,FCC_face,0.305499,0.391679
0.158571,1.2143,26.6667,15,FCC_face,0.30554,0.435001
0.158571,1.2143,26.6667,20,FCC_face,0.305208,0.470116
0.158571,1.2143,30.0,5,FCC_face,0.187997,0.418247
0.158571,1.2143,30.0,10,FCC_face,0.195583,0.353466
0.158571,1.2143,30.0,15,FCC_face,0.198449,0.335444
0.158571,1.2143,30.0,20,FCC_face,0.197541,0.332827
0.158571,1.2143,33.3333,5,FCC_face,0.121527,0.116053
0.158571,1.2143,33.3333,10,FCC_face,0.12559,0.11557
0.158571,1.2143,33.3333,15,FCC_face,0.126948,0.115574
0.158571,1.2143,33.3333,20,FCC_face,0.126847,0.115574
0.158571,1.2143,36.6667,5,FCC_face,0.081668,0.043867
0.158571,1.2143,36.6667,10,FCC_face,0.079423,0.043867
0.158571,1.2143,36.6667,15,FCC_face,0.079368,0.043867
0.158571,1.2143,36.6667,20,FCC_face,0.079421,0.043867
0.158571,1.2143,40.0,5,FCC_face,0.047237,0.027771
0.158571,1.2143,40.0,10,FCC_face,0.048061,0.027771
0.158571,1.2143,40.0,15,FCC_face,0.048089,0.027771
0.158571,1.2143,40.0,20,FCC_face,0.048077,0.027771
0.158571,1.3929,20.0,5,FCC_face,0.409613,0.228197
0.158571,1.3929,20.0,10,FCC_face,0.555048,0.623916
0.158571,1.3929,20.0,15,FCC_face,0.585465,0.921487
0.158571,1.3929,20.0,20,FCC_face,0.634302,0.846628
0.158571,1.3929,23.3333,5,FCC_face,0.422237,0.544034
0.158571,1.3929,23.3333,10,FCC_face,0.506229,0.379513
0.158571,1.3929,23.3333,15,FCC_face,0.54606,0.648573
0.158571,1.3929,23.3333,20,FCC_face,0.551223,0.536841
0.158571,1.3929,26.6667,5,FCC_face,0.348932,0.271881
0.158571,1.3929,26.6667,10,FCC_face,0.384689,0.406569
0.158571,1.3929,26.6667,15,FCC_face,0.394768,0.467964
0.158571,1.3929,26.6667,20,FCC_face,0.398197,0.49698
0.158571,1.3929,30.0,5,FCC_face,0.258457,0.279692
0.158571,1.3929,30.0,10,FCC_face,0.26071,0.524701
0.158571,1.3929,30.0,15,FCC_face,0.264368,0.403639
0.158571,1.3929,30.0,20,FCC_face,0.267174,0.439358
0.158571,1.3929,33.3333,5,FCC_face,0.160902,0.261661
0.158571,1.3929,33.3333,10,FCC_face,0.178022,0.294857
0.158571,1.3929,33.3333,15,FCC_face,0.176474,0.291207
0.158571,1.3929,33.3333,20,FCC_face,0.177837,0.291729
0.158571,1.3929,36.6667,5,FCC_face,0.113297,0.074695
0.158571,1.3929,36.6667,10,FCC_face,0.114846,0.074759
0.158571,1.3929,36.6667,15,FCC_face,0.115724,0.074759
0.158571,1.3929,36.6667,20,FCC_face,0.116082,0.074759
0.158571,1.3929,40.0,5,FCC_face,0.074809,0.036682
0.158571,1.3929,40.0,10,FCC_face,0.073412,0.036683
0.158571,1.3929,40.0,15,FCC_face,0.073894,0.036683
0.158571,1.3929,40.0,20,FCC_face,0.073974,0.036683
0.158571,1.5714,20.0,5,FCC_face,0.333095,0.145623
0.158571,1.5714,20.0,10,FCC_face,0.510007,0.267658
0.158571,1.5714,20.0,15,FCC_face,0.590293,0.36735
0.158571,1.5714,20.0,20,FCC_face,0.64356,0.447126
0.158571,1.5714,23.3333,5,FCC_face,0.386848,0.943189
0.158571,1.5714,23.3333,10,FCC_face,0.539803,0.381129
0.158571,1.5714,23.3333,15,FCC_face,0.580356,0.452227
0.158571,1.5714,23.3333,20,FCC_face,0.595426,0.847915
0.158571,1.5714,26.6667,5,FCC_face,0.390662,0.211401
0.158571,1.5714,26.6667,10,FCC_face,0.45261,0.582178
0.158571,1.5714,26.6667,15,FCC_face,0.477901,0.753525
0.158571,1.5714,26.6667,20,FCC_face,0.491138,0.541706
0.158571,1.5714,30.0,5,FCC_face,0.306091,0.885516
0.158571,1.5714,30.0,10,FCC_face,0.335093,0.463205
0.158571,1.5714,30.0,15,FCC_face,0.341039,0.422218
0.158571,1.5714,30.0,20,FCC_face,0.342072,0.515953
0.158571,1.5714,33.3333,5,FCC_face,0.218014,0.295758
0.158571,1.5714,33.3333,10,FCC_face,0.224925,0.352833
0.158571,1.5714,33.3333,15,FCC_face,0.233705,0.379603
0.158571,1.5714,33.3333,20,FCC_face,0.233777,0.393564
0.158571,1.5714,36.6667,5,FCC_face,0.14198,0.227845
0.158571,1.5714,36.6667,10,FCC_face,0.158425,0.220059
0.158571,1.5714,36.6667,15,FCC_face,0.157873,0.219803
0.158571,1.5714,36.6667,20,FCC_face,0.157756,0.219835
0.158571,1.5714,40.0,5,FCC_face,0.105079,0.053181
0.158571,1.5714,40.0,10,FCC_face,0.105137,0.053192
0.158571,1.5714,40.0,15,FCC_face,0.104968,0.053192
0.158571,1.5714,40.0,20,FCC_face,0.104918,0.053192
0.158571,1.75,23.3333,5,FCC_face,0.381976,0.38827
0.158571,1.75,23.3333,10,FCC_face,0.538541,0.916118
0.158571,1.75,23.3333,15,FCC_face,0.584581,0.498287
0.158571,1.75,23.3333,20,FCC_face,0.629422,0.437115
0.158571,1.75,26.6667,5,FCC_face,0.40018,0.338326
0.158571,1.75,26.6667,10,FCC_face,0.4982,0.586514
0.158571,1.75,26.6667,15,FCC_face,0.549776,0.421289
0.158571,1.75,26.6667,20,FCC_face,0.565627,0.809833
0.158571,1.75,30.0,5,FCC_face,0.34196,0.27474
0.158571,1.75,30.0,10,FCC_face,0.392558,0.449888
0.158571,1.75,30.0,15,FCC_face,0.409848,0.535567
0.158571,1.75,30.0,20,FCC_face,0.416702,0.569233
0.158571,1.75,33.3333,5,FCC_face,0.267351,0.292581
0.158571,1.75,33.3333,10,FCC_face,0.28123,0.571446
0.158571,1.75,33.3333,15,FCC_face,0.287258,0.41331
0.158571,1.75,33.3333,20,FCC_face,0.292276,0.516847
0.158571,1.75,36.6667,5,FCC_face,0.177409,0.456728
0.158571,1.75,36.6667,10,FCC_face,0.200174,0.316507
0.158571,1.75,36.6667,15,FCC_face,0.203037,0.352463
0.158571,1.75,36.6667,20,FCC_face,0.203692,0.360369
0.158571,1.75,40.0,5,FCC_face,0.128038,0.110778
0.158571,1.75,40.0,10,FCC_face,0.136274,0.111542
0.158571,1.75,40.0,15,FCC_face,0.140298,0.111534
0.158571,1.75,40.0,20,FCC_face,0.140153,0.111534
0.158571,1.9286,23.3333,5,FCC_face,0.354524,0.18957
0.158571,1.9286,23.3333,10,FCC_face,0.513127,0.583859
0.158571,1.9286,23.3333,15,FCC_face,0.569563,0.983264
0.158571,1.9286,23.3333,20,FCC_face,0.643578,0.886671
0.158571,1.9286,26.6667,5,FCC_face,0.391694,0.697204
0.158571,1.9286,26.6667,10,FCC_face,0.522471,0.277127
0.158571,1.9286,26.6667,15,FCC_face,0.579859,0.950889
0.158571,1.9286,26.6667,20,FCC_face,0.59914,0.460818
0.158571,1.9286,30.0,5,FCC_face,0.369405,0.179568
0.158571,1.9286,30.0,10,FCC_face,0.441578,0.370213
0.158571,1.9286,30.0,15,FCC_face,0.471676,0.653379
0.158571,1.9286,30.0,20,FCC_face,0.487201,0.769111
0.158571,1.9286,33.3333,5,FCC_face,0.299581,0.93901
0.158571,1.9286,33.3333,10,FCC_face,0.34022,0.400861
0.158571,1.9286,33.3333,15,FCC_face,0.351214,0.431107
0.158571,1.9286,33.3333,20,FCC_face,0.35439,0.606335
0.158571,1.9286,36.6667,5,FCC_face,0.225357,0.252397
0.158571,1.9286,36.6667,10,FCC_face,0.237661,0.333106
0.158571,1.9286,36.6667,15,FCC_face,0.251035,0.392348
0.158571,1.9286,36.6667,20,FCC_face,0.253356,0.429443
0.158571,1.9286,40.0,5,FCC_face,0.151667,0.210941
0.158571,1.9286,40.0,10,FCC_face,0.177665,0.27071
0.158571,1.9286,40.0,15,FCC_face,0.175962,0.285977
0.158571,1.9286,40.0,20,FCC_face,0.178209,0.283761
0.158571,2.1071,26.6667,5,FCC_face,0.341486,0.789725
0.158571,2.1071,26.6667,10,FCC_face,0.516935,0.354137
0.158571,2.1071,26.6667,15,FCC_face,0.581739,0.3822
0.158571,2.1071,26.6667,20,FCC_face,0.614344,0.951949
0.158571,2.1071,30.0,5,FCC_face,0.384432,0.213459
0.158571,2.1071,30.0,10,FCC_face,0.479916,0.971225
0.158571,2.1071,30.0,15,FCC_face,0.530362,0.477989
0.158571,2.1071,30.0,20,FCC_face,0.558311,0.480044
0.158571,2.1071,33.3333,5,FCC_face,0.323892,0.369253
0.158571,2.1071,33.3333,10,FCC_face,0.383675,0.733724
0.158571,2.1071,33.3333,15,FCC_face,0.406565,0.792305
0.158571,2.1071,33.3333,20,FCC_face,0.416477,0.703261
0.158571,2.1071,36.6667,5,FCC_face,0.261343,0.249726
0.158571,2.1071,36.6667,10,FCC_face,0.282515,0.701618
0.158571,2.1071,36.6667,15,FCC_face,0.293866,0.403827
0.158571,2.1071,36.6667,20,FCC_face,0.301871,0.545887
0.158571,2.1071,40.0,5,FCC_face,0.181164,0.580245
0.158571,2.1071,40.0,10,FCC_face,0.209941,0.343059
0.158571,2.1071,40.0,15,FCC_face,0.216706,0.364133
0.158571,2.1071,40.0,20,FCC_face,0.217397,0.399273
0.158571,2.2857,30.0,5,FCC_face,0.37244,0.33135
0.158571,2.2857,30.0,10,FCC_face,0.496198,0.438262
0.158571,2.2857,30.0,15,FCC_face,0.566882,0.433607
0.158571,2.2857,30.0,20,FCC_face,0.594863,0.816824
0.158571,2.2857,33.3333,5,FCC_face,0.342615,0.179216
0.158571,2.2857,33.3333,10,FCC_face,0.419837,0.291563
0.158571,2.2857,33.3333,15,FCC_face,0.453413,0.385966
0.158571,2.2857,33.3333,20,FCC_face,0.470183,0.47505
0.158571,2.2857,36.6667,5,FCC_face,0.284648,0.697646
0.158571,2.2857,36.6667,10,FCC_face,0.331263,0.313608
0.158571,2.2857,36.6667,15,FCC_face,0.344595,0.614681
0.158571,2.2857,36.6667,20,FCC_face,0.35047,0.571885
0.158571,2.2857,40.0,5,FCC_face,0.219175,0.265876
0.158571,2.2857,40.0,10,FCC_face,0.239516,0.343044
0.158571,2.2857,40.0,15,FCC_face,0.257005,0.390188
0.158571,2.2857,40.0,20,FCC_face,0.260029,0.425323
0.158571,2.4643,30.0,5,FCC_face,0.358694,0.567253
0.158571,2.4643,30.0,10,FCC_face,0.498058,0.246488
0.158571,2.4643,30.0,15,FCC_face,0.573475,0.994294
0.158571,2.4643,30.0,20,FCC_face,0.608039,0.410571
0.158571,2.4643,33.3333,5,FCC_face,0.35599,0.159082
0.158571,2.4643,33.3333,10,FCC_face,0.450715,0.419104
0.158571,2.4643,33.3333,15,FCC_face,0.497261,0.905868
0.158571,2.4643,33.3333,20,FCC_face,0.524862,0.729818
0.158571,2.4643,36.6667,5,FCC_face,0.301918,0.693799
0.158571,2.4643,36.6667,10,FCC_face,0.366312,0.794583
0.158571,2.4643,36.6667,15,FCC_face,0.392658,0.497983
0.158571,2.4643,36.6667,20,FCC_face,0.404507,0.454084
0.158571,2.4643,40.0,5,FCC_face,0.248029,0.199529
0.158571,2.4643,40.0,10,FCC_face,0.27284,0.681066
0.158571,2.4643,40.0,15,FCC_face,0.291079,0.509031
0.158571,2.4643,40.0,20,FCC_face,0.301866,0.448612
0.158571,2.6429,33.3333,5,FCC_face,0.359589,0.187502
0.158571,2.6429,33.3333,10,FCC_face,0.471485,0.974903
0.158571,2.6429,33.3333,15,FCC_face,0.535905,0.444861
0.158571,2.6429,33.3333,20,FCC_face,0.575293,0.450967
0.158571,2.6429,36.6667,5,FCC_face,0.315151,0.246085
0.158571,2.6429,36.6667,10,FCC_face,0.394036,0.474863
0.158571,2.6429,36.6667,15,FCC_face,0.430104,0.639027
0.158571,2.6429,36.6667,20,FCC_face,0.448544,0.722975
0.158571,2.6429,40.0,5,FCC_face,0.266248,0.377092
0.158571,2.6429,40.0,10,FCC_face,0.312852,0.357754
0.158571,2.6429,40.0,15,FCC_face,0.328116,0.648914
0.158571,2.6429,40.0,20,FCC_face,0.339271,0.465632
0.158571,2.8214,36.6667,5,FCC_face,0.325016,0.154982
0.158571,2.8214,36.6667,10,FCC_face,0.417452,0.260602
0.158571,2.8214,36.6667,15,FCC_face,0.463085,0.364346
0.158571,2.8214,36.6667,20,FCC_face,0.488385,0.480936
0.158571,2.8214,40.0,5,FCC_face,0.279252,0.95072
0.158571,2.8214,40.0,10,FCC_face,0.344292,0.351427
0.158571,2.8214,40.0,15,FCC_face,0.370664,0.407802
0.158571,2.8214,40.0,20,FCC_face,0.382188,0.764019
0.158571,3.0,36.6667,5,FCC_face,0.331584,0.139912
0.158571,3.0,36.6667,10,FCC_face,0.437144,0.345678
0.158571,3.0,36.6667,15,FCC_face,0.49352,0.822706
0.158571,3.0,36.6667,20,FCC_face,0.528384,0.873844
0.158571,3.0,40.0,5,FCC_face,0.28903,0.53558
0.158571,3.0,40.0,10,FCC_face,0.367093,0.94705
0.158571,3.0,40.0,15,FCC_face,0.404117,0.595163
0.158571,3.0,40.0,20,FCC_face,0.423422,0.469654
0.169286,0.5,10.0,5,FCC_face,0.53259,0.320732
0.169286,0.5,10.0,10,FCC_face,0.508669,0.594352
0.169286,0.5,10.0,15,FCC_face,0.534217,0.603849
0.169286,0.5,10.0,20,FCC_face,0.530065,0.538361
0.169286,0.5,13.3333,5,FCC_face,0.373278,0.5519
0.169286,0.5,13.3333,10,FCC_face,0.391141,0.394899
0.169286,0.5,13.3333,15,FCC_face,0.391344,0.426102
0.169286,0.5,13.3333,20,FCC_face,0.390907,0.421136
0.169286,0.5,16.6667,5,FCC_face,0.225188,0.330601
0.169286,0.5,16.6667,10,FCC_face,0.223027,0.305524
0.169286,0.5,16.6667,15,FCC_face,0.222807,0.305789
0.169286,0.5,16.6667,20,FCC_face,0.222795,0.305867
0.169286,0.5,20.0,5,FCC_face,0.117645,0.155832
0.169286,0.5,20.0,10,FCC_face,0.118224,0.155897
0.169286,0.5,20.0,15,FCC_face,0.118212,0.155897
0.169286,0.5,20.0,20,FCC_face,0.118212,0.155897
0.169286,0.5,23.3333,5,FCC_face,0.064172,0.061397
0.169286,0.5,23.3333,10,FCC_face,0.064138,0.061397
0.169286,0.5,23.3333,15,FCC_face,0.064138,0.061397
0.169286,0.5,23.3333,20,FCC_face,0.064138,0.061397
0.169286,0.5,26.6667,5,FCC_face,0.036389,0.034855
0.169286,0.5,26.6667,10,FCC_face,0.036388,0.034855
0.169286,0.5,26.6667,15,FCC_face,0.036388,0.034855
0.169286,0.5,26.6667,20,FCC_face,0.036388,0.034855
0.169286,0.5,30.0,5,FCC_face,0.022721,0.02289
0.169286,0.5,30.0,10,FCC_face,0.022721,0.02289
0.169286,0.5,30.0,15,FCC_face,0.022721,0.02289
0.169286,0.5,30.0,20,FCC_face,0.022721,0.02289
0.169286,0.5,33.3333,5,FCC_face,0.015608,0.016158
0.169286,0.5,33.3333,10,FCC_face,0.015608,0.016158
0.169286,0.5,33.3333,15,FCC_face,0.015608,0.016158
0.169286,0.5,33.3333,20,FCC_face,0.015608,0.016158
0.169286,0.5,36.6667,5,FCC_face,0.011379,0.011938
0.169286,0.5,36.6667,10,FCC_face,0.011379,0.011938
0.169286,0.5,36.6667,15,FCC_face,0.011379,0.011938
0.169286,0.5,36.6667,20,FCC_face,0.011379,0.011938
0.169286,0.5,40.0,5,FCC_face,0.008622,0.009112
0.169286,0.5,40.0,10,FCC_face,0.008622,0.009112
0.169286,0.5,40.0,15,FCC_face,0.008622,0.009112
0.169286,0.5,40.0,20,FCC_face,0.008622,0.009112
0.169286,0.6786,10.0,5,FCC_face,0.441566,0.578969
0.169286,0.6786,10.0,10,FCC_face,0.542219,0.44083
0.169286,0.6786,10.0,15,FCC_face,0.615985,0.491644
0.169286,0.6786,10.0,20,FCC_face,0.64885,0.803843
0.169286,0.6786,13.3333,5,FCC_face,0.441751,0.257534
0.169286,0.6786,13.3333,10,FCC_face,0.523448,0.42556
0.169286,0.6786,13.3333,15,FCC_face,0.528254,0.508251
0.169286,0.6786,13.3333,20,FCC_face,0.534862,0.54071
0.169286,0.6786,16.6667,5,FCC_face,0.374013,0.382247
0.169286,0.6786,16.6667,10,FCC_face,0.391822,0.494789
0.169286,0.6786,16.6667,15,FCC_face,0.39645,0.430043
0.169286,0.6786,16.6667,20,FCC_face,0.396805,0.450986
0.169286,0.6786,20.0,5,FCC_face,0.234754,0.367258
0.169286,0.6786,20.0,10,FCC_face,0.230734,0.330693
0.169286,0.6786,20.0,15,FCC_face,0.230211,0.338317
0.169286,0.6786,20.0,20,FCC_face,0.230262,0.337166
0.169286,0.6786,23.3333,5,FCC_face,0.12811,0.176272
0.169286,0.6786,23.3333,10,FCC_face,0.130504,0.178006
0.169286,0.6786,23.3333,15,FCC_face,0.130339,0.177994
0.169286,0.6786,23.3333,20,FCC_face,0.130347,0.177994
0.169286,0.6786,26.6667,5,FCC_face,0.074206,0.060543
0.169286,0.6786,26.6667,10,FCC_face,0.073722,0.060543
0.169286,0.6786,26.6667,15,FCC_face,0.073715,0.060543
0.169286,0.6786,26.6667,20,FCC_face,0.073715,0.060543
0.169286,0.6786,30.0,5,FCC_face,0.041713,0.03416
0.169286,0.6786,30.0,10,FCC_face,0.041717,0.03416
0.169286,0.6786,30.0,15,FCC_face,0.041718,0.03416
0.169286,0.6786,30.0,20,FCC_face,0.041718,0.03416
0.169286,0.6786,33.3333,5,FCC_face,0.024807,0.022795
0.169286,0.6786,33.3333,10,FCC_face,0.024807,0.022795
0.169286,0.6786,33.3333,15,FCC_face,0.024807,0.022795
0.169286,0.6786,33.3333,20,FCC_face,0.024807,0.022795
0.169286,0.6786,36.6667,5,FCC_face,0.016627,0.016393
0.169286,0.6786,36.6667,10,FCC_face,0.016627,0.016393
0.169286,0.6786,36.6667,15,FCC_face,0.016627,0.016393
0.169286,0.6786,36.6667,20,FCC_face,0.016627,0.016393
0.169286,0.6786,40.0,5,FCC_face,0.012135,0.01233
0.169286,0.6786,40.0,10,FCC_face,0.012135,0.01233
0.169286,0.6786,40.0,15,FCC_face,0.012135,0.01233
0.169286,0.6786,40.0,20,FCC_face,0.012135,0.01233
0.169286,0.8571,13.3333,5,FCC_face,0.49849,0.221184
0.169286,0.8571,13.3333,10,FCC_face,0.547623,0.533795
0.169286,0.8571,13.3333,15,FCC_face,0.60832,0.83974
0.169286,0.8571,13.3333,20,FCC_face,0.613251,0.735123
0.169286,0.8571,16.6667,5,FCC_face,0.43172,0.711862
0.169286,0.8571,16.6667,10,FCC_face,0.517325,0.592758
0.169286,0.8571,16.6667,15,FCC_face,0.516468,0.456398
0.169286,0.8571,16.6667,20,FCC_face,0.51914,0.536961
0.169286,0.8571,20.0,5,FCC_face,0.348971,0.264542
0.169286,0.8571,20.0,10,FCC_face,0.363197,0.393595
0.169286,0.8571,20.0,15,FCC_face,0.366502,0.45231
0.169286,0.8571,20.0,20,FCC_face,0.367687,0.462363
0.169286,0.8571,23.3333,5,FCC_face,0.224411,0.280661
0.169286,0.8571,23.3333,10,FCC_face,0.21916,0.358529
0.169286,0.8571,23.3333,15,FCC_face,0.22001,0.343937
0.169286,0.8571,23.3333,20,FCC_face,0.220442,0.344257
0.169286,0.8571,26.6667,5,FCC_face,0.12695,0.168407
0.169286,0.8571,26.6667,10,FCC_face,0.131248,0.169669
0.169286,0.8571,26.6667,15,FCC_face,0.131047,0.1697
0.169286,0.8571,26.6667,20,FCC_face,0.131005,0.169701
0.169286,0.8571,30.0,5,FCC_face,0.078151,0.054509
0.169286,0.8571,30.0,10,FCC_face,0.076985,0.054509
0.169286,0.8571,30.0,15,FCC_face,0.076935,0.054509
0.169286,0.8571,30.0,20,FCC_face,0.076936,0.054509
0.169286,0.8571,33.3333,5,FCC_face,0.044167,0.03171
0.169286,0.8571,33.3333,10,FCC_face,0.044295,0.03171
0.169286,0.8571,33.3333,15,FCC_face,0.044302,0.03171
0.169286,0.8571,33.3333,20,FCC_face,0.044302,0.03171
0.169286,0.8571,36.6667,5,FCC_face,0.025721,0.021673
0.169286,0.8571,36.6667,10,FCC_face,0.025733,0.021673
0.169286,0.8571,36.6667,15,FCC_face,0.025733,0.021673
0.169286,0.8571,36.6667,20,FCC_face,0.025733,0.021673
0.169286,0.8571,40.0,5,FCC_face,0.016729,0.015902
0.169286,0.8571,40.0,10,FCC_face,0.016729,0.015902
0.169286,0.8571,40.0,15,FCC_face,0.016729,0.015902
0.169286,0.8571,40.0,20,FCC_face,0.016729,0.015902
0.169286,1.0357,13.3333,5,FCC_face,0.434373,0.286259
0.169286,1.0357,13.3333,10,FCC_face,0.514189,0.945519
0.169286,1.0357,13.3333,15,FCC_face,0.602541,0.404497
0.169286,1.0357,13.3333,20,FCC_face,0.660657,0.502116
0.169286,1.0357,16.6667,5,FCC_face,0.416315,0.217098
0.169286,1.0357,16.6667,10,FCC_face,0.560988,0.434371
0.169286,1.0357,16.6667,15,FCC_face,0.577577,0.602282
0.169286,1.0357,16.6667,20,FCC_face,0.601763,0.68589
0.169286,1.0357,20.0,5,FCC_face,0.419046,0.527555
0.169286,1.0357,20.0,10,FCC_face,0.473792,0.433105
0.169286,1.0357,20.0,15,FCC_face,0.49428,0.54551
0.169286,1.0357,20.0,20,FCC_face,0.494665,0.537412
0.169286,1.0357,23.3333,5,FCC_face,0.314024,0.465711
0.169286,1.0357,23.3333,10,FCC_face,0.326457,0.533841
0.169286,1.0357,23.3333,15,FCC_face,0.327783,0.481834
0.169286,1.0357,23.3333,20,FCC_face,0.327679,0.456367
0.169286,1.0357,26.6667,5,FCC_face,0.201462,0.292373
0.169286,1.0357,26.6667,10,FCC_face,0.20088,0.322372
0.169286,1.0357,26.6667,15,FCC_face,0.203796,0.331438
0.169286,1.0357,26.6667,20,FCC_face,0.203475,0.333844
0.169286,1.0357,30.0,5,FCC_face,0.121005,0.135089
0.169286,1.0357,30.0,10,FCC_face,0.125058,0.133757
0.169286,1.0357,30.0,15,FCC_face,0.125663,0.133754
0.169286,1.0357,30.0,20,FCC_face,0.125505,0.133754
0.169286,1.0357,33.3333,5,FCC_face,0.077566,0.046784
0.169286,1.0357,33.3333,10,FCC_face,0.075908,0.046784
0.169286,1.0357,33.3333,15,FCC_face,0.075892,0.046784
0.169286,1.0357,33.3333,20,FCC_face,0.075915,0.046784
0.169286,1.0357,36.6667,5,FCC_face,0.04427,0.028677
0.169286,1.0357,36.6667,10,FCC_face,0.044527,0.028677
0.169286,1.0357,36.6667,15,FCC_face,0.044555,0.028677
0.169286,1.0357,36.6667,20,FCC_face,0.044553,0.028677
0.169286,1.0357,40.0,5,FCC_face,0.02571,0.020165
0.169286,1.0357,40.0,10,FCC_face,0.025759,0.020165
0.169286,1.0357,40.0,15,FCC_face,0.025759,0.020165
0.169286,1.0357,40.0,20,FCC_face,0.025759,0.020165
0.169286,1.2143,16.6667,5,FCC_face,0.39913,0.160594
0.169286,1.2143,16.6667,10,FCC_face,0.539063,0.301376
0.169286,1.2143,16.6667,15,FCC_face,0.617019,0.449556
0.169286,1.2143,16.6667,20,FCC_face,0.634977,0.602313
0.169286,1.2143,20.0,5,FCC_face,0.413927,0.830907
0.169286,1.2143,20.0,10,FCC_face,0.543815,0.51815
0.169286,1.2143,20.0,15,FCC_face,0.56088,0.422358
0.169286,1.2143,20.0,20,FCC_face,0.568394,0.659962
0.169286,1.2143,23.3333,5,FCC_face,0.382831,0.230939
0.169286,1.2143,23.3333,10,FCC_face,0.421339,0.494835
0.169286,1.2143,23.3333,15,FCC_face,0.434469,0.631906
0.169286,1.2143,23.3333,20,FCC_face,0.440445,0.546022
0.169286,1.2143,26.6667,5,FCC_face,0.279253,0.545773
0.169286,1.2143,26.6667,10,FCC_face,0.286574,0.358097
0.169286,1.2143,26.6667,15,FCC_face,0.28584,0.46613
0.169286,1.2143,26.6667,20,FCC_face,0.286121,0.432237
0.169286,1.2143,30.0,5,FCC_face,0.172674,0.382947
0.169286,1.2143,30.0,10,FCC_face,0.183376,0.301552
0.169286,1.2143,30.0,15,FCC_face,0.18423,0.30506
0.169286,1.2143,30.0,20,FCC_face,0.184042,0.307411
0.169286,1.2143,33.3333,5,FCC_face,0.113692,0.089957
0.169286,1.2143,33.3333,10,FCC_face,0.115649,0.089973
0.169286,1.2143,33.3333,15,FCC_face,0.116657,0.089973
0.169286,1.2143,33.3333,20,FCC_face,0.116834,0.089973
0.169286,1.2143,36.6667,5,FCC_face,0.073278,0.039448
0.169286,1.2143,36.6667,10,FCC_face,0.071913,0.039448
0.169286,1.2143,36.6667,15,FCC_face,0.072176,0.039448
0.169286,1.2143,36.6667,20,FCC_face,0.072223,0.039448
0.169286,1.2143,40.0,5,FCC_face,0.042832,0.025596
0.169286,1.2143,40.0,10,FCC_face,0.042952,0.025596
0.169286,1.2143,40.0,15,FCC_face,0.043021,0.025596
0.169286,1.2143,40.0,20,FCC_face,0.043022,0.025596
0.169286,1.3929,20.0,5,FCC_face,0.416513,0.266026
0.169286,1.3929,20.0,10,FCC_face,0.547866,0.809553
0.169286,1.3929,20.0,15,FCC_face,0.584081,0.903188
0.169286,1.3929,20.0,20,FCC_face,0.623873,0.67605
0.169286,1.3929,23.3333,5,FCC_face,0.414306,0.428891
0.169286,1.3929,23.3333,10,FCC_face,0.492772,0.478456
0.169286,1.3929,23.3333,15,FCC_face,0.529785,0.497341
0.169286,1.3929,23.3333,20,FCC_face,0.536393,0.655447
0.169286,1.3929,26.6667,5,FCC_face,0.335026,0.345576
0.169286,1.3929,26.6667,10,FCC_face,0.366623,0.531128
0.169286,1.3929,26.6667,15,FCC_face,0.374853,0.567271
0.169286,1.3929,26.6667,20,FCC_face,0.377308,0.554754
0.169286,1.3929,30.0,5,FCC_face,0.243166,0.240699
0.169286,1.3929,30.0,10,FCC_face,0.242855,0.444866
0.169286,1.3929,30.0,15,FCC_face,0.248392,0.432385
0.169286,1.3929,30.0,20,FCC_face,0.250882,0.405592
0.169286,1.3929,33.3333,5,FCC_face,0.149566,0.212158
0.169286,1.3929,33.3333,10,FCC_face,0.166012,0.260324
0.169286,1.3929,33.3333,15,FCC_face,0.163881,0.257536
0.169286,1.3929,33.3333,20,FCC_face,0.165002,0.257037
0.169286,1.3929,36.6667,5,FCC_face,0.106034,0.062091
0.169286,1.3929,36.6667,10,FCC_face,0.106235,0.062112
0.169286,1.3929,36.6667,15,FCC_face,0.106381,0.062112
0.169286,1.3929,36.6667,20,FCC_face,0.106503,0.062112
0.169286,1.3929,40.0,5,FCC_face,0.065969,0.033246
0.169286,1.3929,40.0,10,FCC_face,0.066554,0.033246
0.169286,1.3929,40.0,15,FCC_face,0.066998,0.033246
0.169286,1.3929,40.0,20,FCC_face,0.066923,0.033246
0.169286,1.5714,20.0,5,FCC_face,0.336472,0.152477
0.169286,1.5714,20.0,10,FCC_face,0.524589,0.295173
0.169286,1.5714,20.0,15,FCC_face,0.5926,0.423492
0.169286,1.5714,20.0,20,FCC_face,0.642509,0.532192
0.169286,1.5714,23.3333,5,FCC_face,0.39014,0.96549
0.169286,1.5714,23.3333,10,FCC_face,0.533551,0.326452
0.169286,1.5714,23.3333,15,FCC_face,0.574213,0.58731
0.169286,1.5714,23.3333,20,FCC_face,0.585307,0.697955
0.169286,1.5714,26.6667,5,FCC_face,0.37819,0.199394
0.169286,1.5714,26.6667,10,FCC_face,0.434201,0.425808
0.169286,1.5714,26.6667,15,FCC_face,0.455319,0.682783
0.169286,1.5714,26.6667,20,FCC_face,0.46573,0.661458
0.169286,1.5714,30.0,5,FCC_face,0.293025,0.747661
0.169286,1.5714,30.0,10,FCC_face,0.31668,0.35909
0.169286,1.5714,30.0,15,FCC_face,0.319953,0.484232
0.169286,1.5714,30.0,20,FCC_face,0.320755,0.521752
0.169286,1.5714,33.3333,5,FCC_face,0.200399,0.428434
0.169286,1.5714,33.3333,10,FCC_face,0.211697,0.420921
0.169286,1.5714,33.3333,15,FCC_face,0.218978,0.395588
0.169286,1.5714,33.3333,20,FCC_face,0.217568,0.384365
0.169286,1.5714,36.6667,5,FCC_face,0.133221,0.179918
0.169286,1.5714,36.6667,10,FCC_face,0.145019,0.168647
0.169286,1.5714,36.6667,15,FCC_face,0.146722,0.1686
0.169286,1.5714,36.6667,20,FCC_face,0.145969,0.168619
0.169286,1.5714,40.0,5,FCC_face,0.097875,0.046213
0.169286,1.5714,40.0,10,FCC_face,0.096774,0.046216
0.169286,1.5714,40.0,15,FCC_face,0.096221,0.046216
0.169286,1.5714,40.0,20,FCC_face,0.096022,0.046216
0.169286,1.75,23.3333,5,FCC_face,0.377664,0.500268
0.169286,1.75,23.3333,10,FCC_face,0.545037,0.723201
0.169286,1.75,23.3333,15,FCC_face,0.581445,0.405212
0.169286,1.75,23.3333,20,FCC_face,0.616365,0.472394
0.169286,1.75,26.6667,5,FCC_face,0.396838,0.278368
0.169286,1.75,26.6667,10,FCC_face,0.485288,0.828368
0.169286,1.75,26.6667,15,FCC_face,0.531127,0.399934
0.169286,1.75,26.6667,20,FCC_face,0.549048,0.668347
0.169286,1.75,30.0,5,FCC_face,0.329594,0.372615
0.169286,1.75,30.0,10,FCC_face,0.375419,0.656782
0.169286,1.75,30.0,15,FCC_face,0.390351,0.692036
0.169286,1.75,30.0,20,FCC_face,0.395892,0.635939
0.169286,1.75,33.3333,5,FCC_face,0.253689,0.234297
0.169286,1.75,33.3333,10,FCC_face,0.261931,0.584763
0.169286,1.75,33.3333,15,FCC_face,0.270487,0.443408
0.169286,1.75,33.3333,20,FCC_face,0.275548,0.43896
0.169286,1.75,36.6667,5,FCC_face,0.164433,0.282369
0.169286,1.75,36.6667,10,FCC_face,0.188469,0.318785
0.169286,1.75,36.6667,15,FCC_face,0.187849,0.32715
0.169286,1.75,36.6667,20,FCC_face,0.190354,0.322822
0.169286,1.75,40.0,5,FCC_face,0.120615,0.080627
0.169286,1.75,40.0,10,FCC_face,0.125599,0.080978
0.169286,1.75,40.0,15,FCC_face,0.128424,0.080977
0.169286,1.75,40.0,20,FCC_face,0.129192,0.080977
0.169286,1.9286,23.3333,5,FCC_face,0.363282,0.220639
0.169286,1.9286,23.3333,10,FCC_face,0.509843,0.780212
0.169286,1.9286,23.3333,15,FCC_face,0.576644,0.940291
0.169286,1.9286,23.3333,20,FCC_face,0.636592,0.65624
0.169286,1.9286,26.6667,5,FCC_face,0.395943,0.552125
0.169286,1.9286,26.6667,10,FCC_face,0.509254,0.298683
0.169286,1.9286,26.6667,15,FCC_face,0.572624,0.82545
0.169286,1.9286,26.6667,20,FCC_face,0.589713,0.458856
0.169286,1.9286,30.0,5,FCC_face,0.358042,0.182647
0.169286,1.9286,30.0,10,FCC_face,0.424429,0.313978
0.169286,1.9286,30.0,15,FCC_face,0.450865,0.457766
0.169286,1.9286,30.0,20,FCC_face,0.463515,0.595764
0.169286,1.9286,33.3333,5,FCC_face,0.287836,0.68056
0.169286,1.9286,33.3333,10,FCC_face,0.322204,0.328219
0.169286,1.9286,33.3333,15,FCC_face,0.329494,0.57857
0.169286,1.9286,33.3333,20,FCC_face,0.332551,0.528473
0.169286,1.9286,36.6667,5,FCC_face,0.208342,0.376026
0.169286,1.9286,36.6667,10,FCC_face,0.224383,0.430172
0.169286,1.9286,36.6667,15,FCC_face,0.236431,0.428636
0.169286,1.9286,36.6667,20,FCC_face,0.235811,0.423854
0.169286,1.9286,40.0,5,FCC_face,0.142592,0.257012
0.169286,1.9286,40.0,10,FCC_face,0.164338,0.23737
0.169286,1.9286,40.0,15,FCC_face,0.164478,0.234831
0.169286,1.9286,40.0,20,FCC_face,0.164524,0.234547
0.169286,2.1071,26.6667,5,FCC_face,0.344368,0.860472
0.169286,2.1071,26.6667,10,FCC_face,0.513815,0.296935
0.169286,2.1071,26.6667,15,FCC_face,0.578901,0.493996
0.169286,2.1071,26.6667,20,FCC_face,0.607316,0.827776
0.169286,2.1071,30.0,5,FCC_face,0.377644,0.189119
0.169286,2.1071,30.0,10,FCC_face,0.466002,0.725851
0.169286,2.1071,30.0,15,FCC_face,0.509365,0.709848
0.169286,2.1071,30.0,20,FCC_face,0.535118,0.462084
0.169286,2.1071,33.3333,5,FCC_face,0.312968,0.56849
0.169286,2.1071,33.3333,10,FCC_face,0.367659,0.865102
0.169286,2.1071,33.3333,15,FCC_face,0.387697,0.608347
0.169286,2.1071,33.3333,20,FCC_face,0.395863,0.502516
0.169286,2.1071,36.6667,5,FCC_face,0.248692,0.207864
0.169286,2.1071,36.6667,10,FCC_face,0.264027,0.576776
0.169286,2.1071,36.6667,15,FCC_face,0.277791,0.516765
0.169286,2.1071,36.6667,20,FCC_face,0.285355,0.437851
0.169286,2.1071,40.0,5,FCC_face,0.168245,0.325756
0.169286,2.1071,40.0,10,FCC_face,0.19855,0.316609
0.169286,2.1071,40.0,15,FCC_face,0.200349,0.38015
0.169286,2.1071,40.0,20,FCC_face,0.20389,0.351833
0.169286,2.2857,30.0,5,FCC_face,0.369224,0.270524
0.169286,2.2857,30.0,10,FCC_face,0.486604,0.652686
0.169286,2.2857,30.0,15,FCC_face,0.554483,0.363098
0.169286,2.2857,30.0,20,FCC_face,0.583231,0.878939
0.169286,2.2857,33.3333,5,FCC_face,0.332488,0.207795
0.169286,2.2857,33.3333,10,FCC_face,0.404247,0.341255
0.169286,2.2857,33.3333,15,FCC_face,0.434596,0.426363
0.169286,2.2857,33.3333,20,FCC_face,0.449217,0.482042
0.169286,2.2857,36.6667,5,FCC_face,0.274011,0.439972
0.169286,2.2857,36.6667,10,FCC_face,0.312871,0.34019
0.169286,2.2857,36.6667,15,FCC_face,0.323077,0.67338
0.169286,2.2857,36.6667,20,FCC_face,0.330357,0.451001
0.169286,2.2857,40.0,5,FCC_face,0.202956,0.447143
0.169286,2.2857,40.0,10,FCC_face,0.227029,0.520609
0.169286,2.2857,40.0,15,FCC_face,0.242516,0.495693
0.169286,2.2857,40.0,20,FCC_face,0.242066,0.470644
0.169286,2.4643,30.0,5,FCC_face,0.363251,0.453919
0.169286,2.4643,30.0,10,FCC_face,0.488568,0.2741
0.169286,2.4643,30.0,15,FCC_face,0.571914,0.76079
0.169286,2.4643,30.0,20,FCC_face,0.601395,0.443538
0.169286,2.4643,33.3333,5,FCC_face,0.347128,0.155423
0.169286,2.4643,33.3333,10,FCC_face,0.435665,0.316574
0.169286,2.4643,33.3333,15,FCC_face,0.477506,0.593465
0.169286,2.4643,33.3333,20,FCC_face,0.500756,0.84557
0.169286,2.4643,36.6667,5,FCC_face,0.29221,0.978916
0.169286,2.4643,36.6667,10,FCC_face,0.35111,0.479131
0.169286,2.4643,36.6667,15,FCC_face,0.37362,0.385305
0.169286,2.4643,36.6667,20,FCC_face,0.382775,0.550396
0.169286,2.4643,40.0,5,FCC_face,0.235762,0.186911
0.169286,2.4643,40.0,10,FCC_face,0.256843,0.393608
0.169286,2.4643,40.0,15,FCC_face,0.276311,0.616682
0.169286,2.4643,40.0,20,FCC_face,0.285523,0.526769
0.169286,2.6429,33.3333,5,FCC_face,0.355751,0.166988
0.169286,2.6429,33.3333,10,FCC_face,0.461011,0.719134
0.169286,2.6429,33.3333,15,FCC_face,0.518116,0.698053
0.169286,2.6429,33.3333,20,FCC_face,0.554695,0.428586
0.169286,2.6429,36.6667,5,FCC_face,0.30617,0.349621
0.169286,2.6429,36.6667,10,FCC_face,0.379825,0.800306
0.169286,2.6429,36.6667,15,FCC_face,0.412708,0.889541
0.169286,2.6429,36.6667,20,FCC_face,0.429096,0.750846
0.169286,2.6429,40.0,5,FCC_face,0.256366,0.260508
0.169286,2.6429,40.0,10,FCC_face,0.293644,0.606683
0.169286,2.6429,40.0,15,FCC_face,0.309804,0.405194
0.169286,2.6429,40.0,20,FCC_face,0.321971,0.659041
0.169286,2.8214,36.6667,5,FCC_face,0.316818,0.17565
0.169286,2.8214,36.6667,10,FCC_face,0.403785,0.29107
0.169286,2.8214,36.6667,15,FCC_face,0.445807,0.372403
0.169286,2.8214,36.6667,20,FCC_face,0.468489,0.433984
0.169286,2.8214,40.0,5,FCC_face,0.270475,0.651498
0.169286,2.8214,40.0,10,FCC_face,0.328946,0.284596
0.169286,2.8214,40.0,15,FCC_face,0.349803,0.669334
0.169286,2.8214,40.0,20,FCC_face,0.360178,0.578375
0.169286,3.0,36.6667,5,FCC_face,0.324452,0.139007
0.169286,3.0,36.6667,10,FCC_face,0.424171,0.272727
0.169286,3.0,36.6667,15,FCC_face,0.475938,0.499376
0.169286,3.0,36.6667,20,FCC_face,0.506421,0.812723
0.169286,3.0,40.0,5,FCC_face,0.280993,0.849048
0.169286,3.0,40.0,10,FCC_face,0.353758,0.577648
0.169286,3.0,40.0,15,FCC_face,0.386947,0.383274
0.169286,3.0,40.0,20,FCC_face,0.403292,0.460915
0.18,0.5,10.0,5,FCC_face,0.518483,0.304398
0.18,0.5,10.0,10,FCC_face,0.503214,0.543
0.18,0.5,10.0,15,FCC_face,0.522631,0.589166
0.18,0.5,10.0,20,FCC_face,0.519272,0.543058
0.18,0.5,13.3333,5,FCC_face,0.362613,0.509978
0.18,0.5,13.3333,10,FCC_face,0.377347,0.387041
0.18,0.5,13.3333,15,FCC_face,0.378025,0.415842
0.18,0.5,13.3333,20,FCC_face,0.377661,0.409496
0.18,0.5,16.6667,5,FCC_face,0.212402,0.310838
0.18,0.5,16.6667,10,FCC_face,0.210117,0.291914
0.18,0.5,16.6667,15,FCC_face,0.209969,0.29291
0.18,0.5,16.6667,20,FCC_face,0.209971,0.292885
0.18,0.5,20.0,5,FCC_face,0.109932,0.139892
0.18,0.5,20.0,10,FCC_face,0.1104,0.13997
0.18,0.5,20.0,15,FCC_face,0.110398,0.13997
0.18,0.5,20.0,20,FCC_face,0.110398,0.13997
0.18,0.5,23.3333,5,FCC_face,0.059482,0.056432
0.18,0.5,23.3333,10,FCC_face,0.059473,0.056432
0.18,0.5,23.3333,15,FCC_face,0.059473,0.056432
0.18,0.5,23.3333,20,FCC_face,0.059473,0.056432
0.18,0.5,26.6667,5,FCC_face,0.033721,0.032514
0.18,0.5,26.6667,10,FCC_face,0.03372,0.032514
0.18,0.5,26.6667,15,FCC_face,0.03372,0.032514
0.18,0.5,26.6667,20,FCC_face,0.03372,0.032514
0.18,0.5,30.0,5,FCC_face,0.021196,0.02146
0.18,0.5,30.0,10,FCC_face,0.021196,0.02146
0.18,0.5,30.0,15,FCC_face,0.021196,0.02146
0.18,0.5,30.0,20,FCC_face,0.021196,0.02146
0.18,0.5,33.3333,5,FCC_face,0.014627,0.015183
0.18,0.5,33.3333,10,FCC_face,0.014627,0.015183
0.18,0.5,33.3333,15,FCC_face,0.014627,0.015183
0.18,0.5,33.3333,20,FCC_face,0.014627,0.015183
0.18,0.5,36.6667,5,FCC_face,0.010687,0.01123
0.18,0.5,36.6667,10,FCC_face,0.010687,0.01123
0.18,0.5,36.6667,15,FCC_face,0.010687,0.01123
0.18,0.5,36.6667,20,FCC_face,0.010687,0.01123
0.18,0.5,40.0,5,FCC_face,0.008108,0.008576
0.18,0.5,40.0,10,FCC_face,0.008108,0.008576
0.18,0.5,40.0,15,FCC_face,0.008108,0.008576
0.18,0.5,40.0,20,FCC_face,0.008108,0.008576
0.18,0.6786,10.0,5,FCC_face,0.445834,0.535797
0.18,0.6786,10.0,10,FCC_face,0.54813,0.493368
0.18,0.6786,10.0,15,FCC_face,0.611631,0.457431
0.18,0.6786,10.0,20,FCC_face,0.638362,0.811639
0.18,0.6786,13.3333,5,FCC_face,0.439776,0.273836
0.18,0.6786,13.3333,10,FCC_face,0.517078,0.466388
0.18,0.6786,13.3333,15,FCC_face,0.51634,0.545698
0.18,0.6786,13.3333,20,FCC_face,0.523305,0.56058
0.18,0.6786,16.6667,5,FCC_face,0.361032,0.33803
0.18,0.6786,16.6667,10,FCC_face,0.375444,0.489776
0.18,0.6786,16.6667,15,FCC_face,0.37934,0.428959
0.18,0.6786,16.6667,20,FCC_face,0.379965,0.432974
0.18,0.6786,20.0,5,FCC_face,0.220963,0.319551
0.18,0.6786,20.0,10,FCC_face,0.216581,0.323113
0.18,0.6786,20.0,15,FCC_face,0.216416,0.3222
0.18,0.6786,20.0,20,FCC_face,0.216534,0.322438
0.18,0.6786,23.3333,5,FCC_face,0.119512,0.154875
0.18,0.6786,23.3333,10,FCC_face,0.121493,0.155603
0.18,0.6786,23.3333,15,FCC_face,0.121435,0.155606
0.18,0.6786,23.3333,20,FCC_face,0.121427,0.155606
0.18,0.6786,26.6667,5,FCC_face,0.068312,0.054935
0.18,0.6786,26.6667,10,FCC_face,0.067995,0.054934
0.18,0.6786,26.6667,15,FCC_face,0.068,0.054934
0.18,0.6786,26.6667,20,FCC_face,0.068001,0.054934
0.18,0.6786,30.0,5,FCC_face,0.038231,0.031728
0.18,0.6786,30.0,10,FCC_face,0.038213,0.031728
0.18,0.6786,30.0,15,FCC_face,0.038213,0.031728
0.18,0.6786,30.0,20,FCC_face,0.038213,0.031728
0.18,0.6786,33.3333,5,FCC_face,0.022874,0.021328
0.18,0.6786,33.3333,10,FCC_face,0.022874,0.021328
0.18,0.6786,33.3333,15,FCC_face,0.022874,0.021328
0.18,0.6786,33.3333,20,FCC_face,0.022874,0.021328
0.18,0.6786,36.6667,5,FCC_face,0.015503,0.015388
0.18,0.6786,36.6667,10,FCC_face,0.015503,0.015388
0.18,0.6786,36.6667,15,FCC_face,0.015503,0.015388
0.18,0.6786,36.6667,20,FCC_face,0.015503,0.015388
0.18,0.6786,40.0,5,FCC_face,0.01137,0.011592
0.18,0.6786,40.0,10,FCC_face,0.01137,0.011592
0.18,0.6786,40.0,15,FCC_face,0.01137,0.011592
0.18,0.6786,40.0,20,FCC_face,0.01137,0.011592
0.18,0.8571,13.3333,5,FCC_face,0.487671,0.211569
0.18,0.8571,13.3333,10,FCC_face,0.551949,0.466761
0.18,0.8571,13.3333,15,FCC_face,0.601339,0.746714
0.18,0.8571,13.3333,20,FCC_face,0.602608,0.774686
0.18,0.8571,16.6667,5,FCC_face,0.421544,0.82188
0.18,0.8571,16.6667,10,FCC_face,0.503394,0.498872
0.18,0.8571,16.6667,15,FCC_face,0.505183,0.452034
0.18,0.8571,16.6667,20,FCC_face,0.505741,0.56931
0.18,0.8571,20.0,5,FCC_face,0.334141,0.273986
0.18,0.8571,20.0,10,FCC_face,0.345717,0.37587
0.18,0.8571,20.0,15,FCC_face,0.34794,0.42046
0.18,0.8571,20.0,20,FCC_face,0.34865,0.437027
0.18,0.8571,23.3333,5,FCC_face,0.209766,0.261637
0.18,0.8571,23.3333,10,FCC_face,0.205251,0.326625
0.18,0.8571,23.3333,15,FCC_face,0.206627,0.329029
0.18,0.8571,23.3333,20,FCC_face,0.206858,0.327338
0.18,0.8571,26.6667,5,FCC_face,0.118586,0.14256
0.18,0.8571,26.6667,10,FCC_face,0.121684,0.142025
0.18,0.8571,26.6667,15,FCC_face,0.121818,0.142021
0.18,0.8571,26.6667,20,FCC_face,0.12175,0.142021
0.18,0.8571,30.0,5,FCC_face,0.071526,0.04923
0.18,0.8571,30.0,10,FCC_face,0.070675,0.04923
0.18,0.8571,30.0,15,FCC_face,0.070698,0.04923
0.18,0.8571,30.0,20,FCC_face,0.070704,0.04923
0.18,0.8571,33.3333,5,FCC_face,0.04029,0.029393
0.18,0.8571,33.3333,10,FCC_face,0.040263,0.029393
0.18,0.8571,33.3333,15,FCC_face,0.040266,0.029393
0.18,0.8571,33.3333,20,FCC_face,0.040266,0.029393
0.18,0.8571,36.6667,5,FCC_face,0.023416,0.020256
0.18,0.8571,36.6667,10,FCC_face,0.023421,0.020256
0.18,0.8571,36.6667,15,FCC_face,0.023421,0.020256
0.18,0.8571,36.6667,20,FCC_face,0.023421,0.020256
0.18,0.8571,40.0,5,FCC_face,0.015507,0.014917
0.18,0.8571,40.0,10,FCC_face,0.015507,0.014917
0.18,0.8571,40.0,15,FCC_face,0.015507,0.014917
0.18,0.8571,40.0,20,FCC_face,0.015507,0.014917
0.18,1.0357,13.3333,5,FCC_face,0.451108,0.267548
0.18,1.0357,13.3333,10,FCC_face,0.508882,0.995954
0.18,1.0357,13.3333,15,FCC_face,0.609228,0.453794
0.18,1.0357,13.3333,20,FCC_face,0.650474,0.459658
0.18,1.0357,16.6667,5,FCC_face,0.427663,0.238069
0.18,1.0357,16.6667,10,FCC_face,0.556386,0.522293
0.18,1.0357,16.6667,15,FCC_face,0.565864,0.717283
0.18,1.0357,16.6667,20,FCC_face,0.591996,0.745061
0.18,1.0357,20.0,5,FCC_face,0.409038,0.429775
0.18,1.0357,20.0,10,FCC_face,0.458077,0.520699
0.18,1.0357,20.0,15,FCC_face,0.477314,0.467252
0.18,1.0357,20.0,20,FCC_face,0.479038,0.574119
0.18,1.0357,23.3333,5,FCC_face,0.299953,0.581378
0.18,1.0357,23.3333,10,FCC_face,0.309551,0.503536
0.18,1.0357,23.3333,15,FCC_face,0.309847,0.432517
0.18,1.0357,23.3333,20,FCC_face,0.309396,0.427349
0.18,1.0357,26.6667,5,FCC_face,0.186149,0.338109
0.18,1.0357,26.6667,10,FCC_face,0.18867,0.321884
0.18,1.0357,26.6667,15,FCC_face,0.190878,0.31552
0.18,1.0357,26.6667,20,FCC_face,0.190285,0.314124
0.18,1.0357,30.0,5,FCC_face,0.113354,0.107159
0.18,1.0357,30.0,10,FCC_face,0.115636,0.106895
0.18,1.0357,30.0,15,FCC_face,0.116349,0.106895
0.18,1.0357,30.0,20,FCC_face,0.116344,0.106895
0.18,1.0357,33.3333,5,FCC_face,0.070342,0.042352
0.18,1.0357,33.3333,10,FCC_face,0.069365,0.042352
0.18,1.0357,33.3333,15,FCC_face,0.069497,0.042352
0.18,1.0357,33.3333,20,FCC_face,0.069514,0.042352
0.18,1.0357,36.6667,5,FCC_face,0.040307,0.026579
0.18,1.0357,36.6667,10,FCC_face,0.040233,0.026579
0.18,1.0357,36.6667,15,FCC_face,0.040247,0.026579
0.18,1.0357,36.6667,20,FCC_face,0.040249,0.026579
0.18,1.0357,40.0,5,FCC_face,0.023159,0.018842
0.18,1.0357,40.0,10,FCC_face,0.023188,0.018842
0.18,1.0357,40.0,15,FCC_face,0.023188,0.018842
0.18,1.0357,40.0,20,FCC_face,0.023188,0.018842
0.18,1.2143,16.6667,5,FCC_face,0.391143,0.15938
0.18,1.2143,16.6667,10,FCC_face,0.533576,0.287299
0.18,1.2143,16.6667,15,FCC_face,0.604916,0.402681
0.18,1.2143,16.6667,20,FCC_face,0.628028,0.509506
0.18,1.2143,20.0,5,FCC_face,0.408095,0.960559
0.18,1.2143,20.0,10,FCC_face,0.530832,0.423431
0.18,1.2143,20.0,15,FCC_face,0.550431,0.457722
0.18,1.2143,20.0,20,FCC_face,0.55554,0.72049
0.18,1.2143,23.3333,5,FCC_face,0.369242,0.223224
0.18,1.2143,23.3333,10,FCC_face,0.40327,0.399988
0.18,1.2143,23.3333,15,FCC_face,0.413788,0.542219
0.18,1.2143,23.3333,20,FCC_face,0.418286,0.563898
0.18,1.2143,26.6667,5,FCC_face,0.265585,0.402293
0.18,1.2143,26.6667,10,FCC_face,0.268538,0.387735
0.18,1.2143,26.6667,15,FCC_face,0.268266,0.432472
0.18,1.2143,26.6667,20,FCC_face,0.269356,0.415656
0.18,1.2143,30.0,5,FCC_face,0.159897,0.289291
0.18,1.2143,30.0,10,FCC_face,0.172278,0.274527
0.18,1.2143,30.0,15,FCC_face,0.171449,0.28219
0.18,1.2143,30.0,20,FCC_face,0.172036,0.280825
0.18,1.2143,33.3333,5,FCC_face,0.106672,0.074005
0.18,1.2143,33.3333,10,FCC_face,0.107227,0.074029
0.18,1.2143,33.3333,15,FCC_face,0.107678,0.074029
0.18,1.2143,33.3333,20,FCC_face,0.107859,0.074029
0.18,1.2143,36.6667,5,FCC_face,0.065583,0.035907
0.18,1.2143,36.6667,10,FCC_face,0.065593,0.035907
0.18,1.2143,36.6667,15,FCC_face,0.065881,0.035907
0.18,1.2143,36.6667,20,FCC_face,0.065853,0.035907
0.18,1.2143,40.0,5,FCC_face,0.038919,0.02375
0.18,1.2143,40.0,10,FCC_face,0.038626,0.02375
0.18,1.2143,40.0,15,FCC_face,0.038634,0.02375
0.18,1.2143,40.0,20,FCC_face,0.038637,0.02375
0.18,1.3929,20.0,5,FCC_face,0.416232,0.317156
0.18,1.3929,20.0,10,FCC_face,0.54271,0.956433
0.18,1.3929,20.0,15,FCC_face,0.58065,0.74193
0.18,1.3929,20.0,20,FCC_face,0.611973,0.539366
0.18,1.3929,23.3333,5,FCC_face,0.406648,0.349213
0.18,1.3929,23.3333,10,FCC_face,0.478191,0.635244
0.18,1.3929,23.3333,15,FCC_face,0.512451,0.426872
0.18,1.3929,23.3333,20,FCC_face,0.520773,0.686069
0.18,1.3929,26.6667,5,FCC_face,0.321995,0.469466
0.18,1.3929,26.6667,10,FCC_face,0.349805,0.655658
0.18,1.3929,26.6667,15,FCC_face,0.356355,0.576033
0.18,1.3929,26.6667,20,FCC_face,0.357957,0.515035
0.18,1.3929,30.0,5,FCC_face,0.227911,0.237987
0.18,1.3929,30.0,10,FCC_face,0.227782,0.351214
0.18,1.3929,30.0,15,FCC_face,0.234263,0.403717
0.18,1.3929,30.0,20,FCC_face,0.235748,0.401556
0.18,1.3929,33.3333,5,FCC_face,0.14007,0.208123
0.18,1.3929,33.3333,10,FCC_face,0.154373,0.218058
0.18,1.3929,33.3333,15,FCC_face,0.15303,0.220188
0.18,1.3929,33.3333,20,FCC_face,0.153257,0.220364
0.18,1.3929,36.6667,5,FCC_face,0.099303,0.053594
0.18,1.3929,36.6667,10,FCC_face,0.098513,0.053601
0.18,1.3929,36.6667,15,FCC_face,0.09822,0.053601
0.18,1.3929,36.6667,20,FCC_face,0.098141,0.053601
0.18,1.3929,40.0,5,FCC_face,0.058756,0.030443
0.18,1.3929,40.0,10,FCC_face,0.060743,0.030443
0.18,1.3929,40.0,15,FCC_face,0.060769,0.030443
0.18,1.3929,40.0,20,FCC_face,0.060725,0.030443
0.18,1.5714,20.0,5,FCC_face,0.346296,0.162246
0.18,1.5714,20.0,10,FCC_face,0.536702,0.340808
0.18,1.5714,20.0,15,FCC_face,0.587681,0.524798
0.18,1.5714,20.0,20,FCC_face,0.63568,0.683876
0.18,1.5714,23.3333,5,FCC_face,0.401236,0.864192
0.18,1.5714,23.3333,10,FCC_face,0.5267,0.302028
0.18,1.5714,23.3333,15,FCC_face,0.566023,0.777018
0.18,1.5714,23.3333,20,FCC_face,0.574463,0.537254
0.18,1.5714,26.6667,5,FCC_face,0.365962,0.198034
0.18,1.5714,26.6667,10,FCC_face,0.416869,0.349802
0.18,1.5714,26.6667,15,FCC_face,0.434859,0.512082
0.18,1.5714,26.6667,20,FCC_face,0.442983,0.615144
0.18,1.5714,30.0,5,FCC_face,0.280619,0.523559
0.18,1.5714,30.0,10,FCC_face,0.298547,0.347622
0.18,1.5714,30.0,15,FCC_face,0.300253,0.545384
0.18,1.5714,30.0,20,FCC_face,0.301977,0.446776
0.18,1.5714,33.3333,5,FCC_face,0.184633,0.52428
0.18,1.5714,33.3333,10,FCC_face,0.200021,0.379581
0.18,1.5714,33.3333,15,FCC_face,0.20477,0.348767
0.18,1.5714,33.3333,20,FCC_face,0.2036,0.35026
0.18,1.5714,36.6667,5,FCC_face,0.125589,0.122439
0.18,1.5714,36.6667,10,FCC_face,0.133234,0.121886
0.18,1.5714,36.6667,15,FCC_face,0.13613,0.121908
0.18,1.5714,36.6667,20,FCC_face,0.135715,0.121908
0.18,1.5714,40.0,5,FCC_face,0.090776,0.041066
0.18,1.5714,40.0,10,FCC_face,0.088578,0.041067
0.18,1.5714,40.0,15,FCC_face,0.08799,0.041067
0.18,1.5714,40.0,20,FCC_face,0.087894,0.041067
0.18,1.75,23.3333,5,FCC_face,0.373066,0.641685
0.18,1.75,23.3333,10,FCC_face,0.541052,0.552128
0.18,1.75,23.3333,15,FCC_face,0.582176,0.36765
0.18,1.75,23.3333,20,FCC_face,0.606388,0.595367
0.18,1.75,26.6667,5,FCC_face,0.39395,0.238064
0.18,1.75,26.6667,10,FCC_face,0.472495,0.934399
0.18,1.75,26.6667,15,FCC_face,0.511497,0.463112
0.18,1.75,26.6667,20,FCC_face,0.530421,0.506339
0.18,1.75,30.0,5,FCC_face,0.31793,0.542094
0.18,1.75,30.0,10,FCC_face,0.359344,0.782434
0.18,1.75,30.0,15,FCC_face,0.372044,0.600007
0.18,1.75,30.0,20,FCC_face,0.376329,0.50992
0.18,1.75,33.3333,5,FCC_face,0.23993,0.215031
0.18,1.75,33.3333,10,FCC_face,0.245724,0.413646
0.18,1.75,33.3333,15,FCC_face,0.255896,0.494412
0.18,1.75,33.3333,20,FCC_face,0.260079,0.440635
0.18,1.75,36.6667,5,FCC_face,0.153823,0.21199
0.18,1.75,36.6667,10,FCC_face,0.177359,0.308694
0.18,1.75,36.6667,15,FCC_face,0.175209,0.289067
0.18,1.75,36.6667,20,FCC_face,0.177815,0.290264
0.18,1.75,40.0,5,FCC_face,0.11393,0.064571
0.18,1.75,40.0,10,FCC_face,0.116891,0.064672
0.18,1.75,40.0,15,FCC_face,0.118272,0.064672
0.18,1.75,40.0,20,FCC_face,0.118989,0.064672
0.18,1.9286,23.3333,5,FCC_face,0.365614,0.262289
0.18,1.9286,23.3333,10,FCC_face,0.508622,0.949977
0.18,1.9286,23.3333,15,FCC_face,0.578746,0.735973
0.18,1.9286,23.3333,20,FCC_face,0.62805,0.500324
0.18,1.9286,26.6667,5,FCC_face,0.392889,0.437442
0.18,1.9286,26.6667,10,FCC_face,0.500732,0.3561
0.18,1.9286,26.6667,15,FCC_face,0.56232,0.588493
0.18,1.9286,26.6667,20,FCC_face,0.57939,0.573888
0.18,1.9286,30.0,5,FCC_face,0.347108,0.197665
0.18,1.9286,30.0,10,FCC_face,0.40839,0.313214
0.18,1.9286,30.0,15,FCC_face,0.431899,0.398383
0.18,1.9286,30.0,20,FCC_face,0.442513,0.467822
0.18,1.9286,33.3333,5,FCC_face,0.276591,0.449447
0.18,1.9286,33.3333,10,FCC_face,0.304055,0.353783
0.18,1.9286,33.3333,15,FCC_face,0.309417,0.599085
0.18,1.9286,33.3333,20,FCC_face,0.313815,0.448665
0.18,1.9286,36.6667,5,FCC_face,0.192362,0.585492
0.18,1.9286,36.6667,10,FCC_face,0.212727,0.480962
0.18,1.9286,36.6667,15,FCC_face,0.222203,0.411094
0.18,1.9286,36.6667,20,FCC_face,0.220611,0.391679
0.18,1.9286,40.0,5,FCC_face,0.134769,0.198818
0.18,1.9286,40.0,10,FCC_face,0.150947,0.179138
0.18,1.9286,40.0,15,FCC_face,0.153971,0.179493
0.18,1.9286,40.0,20,FCC_face,0.153024,0.179607
0.18,2.1071,26.6667,5,FCC_face,0.356564,0.818751
0.18,2.1071,26.6667,10,FCC_face,0.516903,0.267396
0.18,2.1071,26.6667,15,FCC_face,0.578569,0.703613
0.18,2.1071,26.6667,20,FCC_face,0.601554,0.586749
0.18,2.1071,30.0,5,FCC_face,0.36879,0.174441
0.18,2.1071,30.0,10,FCC_face,0.45092,0.497801
0.18,2.1071,30.0,15,FCC_face,0.488757,0.888118
0.18,2.1071,30.0,20,FCC_face,0.510641,0.600874
0.18,2.1071,33.3333,5,FCC_face,0.3026,0.850675
0.18,2.1071,33.3333,10,FCC_face,0.35241,0.612702
0.18,2.1071,33.3333,15,FCC_face,0.369482,0.427093
0.18,2.1071,33.3333,20,FCC_face,0.375742,0.467852
0.18,2.1071,36.6667,5,FCC_face,0.235725,0.200335
0.18,2.1071,36.6667,10,FCC_face,0.248736,0.37239
0.18,2.1071,36.6667,15,FCC_face,0.263662,0.529012
0.18,2.1071,36.6667,20,FCC_face,0.269765,0.49752
0.18,2.1071,40.0,5,FCC_face,0.157733,0.21805
0.18,2.1071,40.0,10,FCC_face,0.187792,0.370196
0.18,2.1071,40.0,15,FCC_face,0.186806,0.312767
0.18,2.1071,40.0,20,FCC_face,0.191245,0.328737
0.18,2.2857,30.0,5,FCC_face,0.371475,0.228498
0.18,2.2857,30.0,10,FCC_face,0.478823,0.922425
0.18,2.2857,30.0,15,FCC_face,0.53917,0.371642
0.18,2.2857,30.0,20,FCC_face,0.569315,0.615972
0.18,2.2857,33.3333,5,FCC_face,0.3228,0.261518
0.18,2.2857,33.3333,10,FCC_face,0.389604,0.484247
0.18,2.2857,33.3333,15,FCC_face,0.417144,0.621074
0.18,2.2857,33.3333,20,FCC_face,0.430019,0.676399
0.18,2.2857,36.6667,5,FCC_face,0.263674,0.301957
0.18,2.2857,36.6667,10,FCC_face,0.294177,0.499602
0.18,2.2857,36.6667,15,FCC_face,0.304733,0.448531
0.18,2.2857,36.6667,20,FCC_face,0.31334,0.56179
0.18,2.2857,40.0,5,FCC_face,0.187965,0.710071
0.18,2.2857,40.0,10,FCC_face,0.21595,0.496554
0.18,2.2857,40.0,15,FCC_face,0.228015,0.405358
0.18,2.2857,40.0,20,FCC_face,0.227051,0.394408
0.18,2.4643,30.0,5,FCC_face,0.361667,0.364921
0.18,2.4643,30.0,10,FCC_face,0.486255,0.337031
0.18,2.4643,30.0,15,FCC_face,0.564086,0.518905
0.18,2.4643,30.0,20,FCC_face,0.594638,0.610471
0.18,2.4643,33.3333,5,FCC_face,0.33835,0.159744
0.18,2.4643,33.3333,10,FCC_face,0.421356,0.277162
0.18,2.4643,33.3333,15,FCC_face,0.459421,0.412823
0.18,2.4643,33.3333,20,FCC_face,0.479541,0.572864
0.18,2.4643,36.6667,5,FCC_face,0.282918,0.888789
0.18,2.4643,36.6667,10,FCC_face,0.336187,0.333663
0.18,2.4643,36.6667,15,FCC_face,0.3543,0.457709
0.18,2.4643,36.6667,20,FCC_face,0.361298,0.70413
0.18,2.4643,40.0,5,FCC_face,0.22286,0.208929
0.18,2.4643,40.0,10,FCC_face,0.243547,0.306362
0.18,2.4643,40.0,15,FCC_face,0.262963,0.410508
0.18,2.4643,40.0,20,FCC_face,0.269306,0.488758
0.18,2.6429,33.3333,5,FCC_face,0.349079,0.154255
0.18,2.6429,33.3333,10,FCC_face,0.448362,0.482587
0.18,2.6429,33.3333,15,FCC_face,0.49952,0.963819
0.18,2.6429,33.3333,20,FCC_face,0.531429,0.575713
0.18,2.6429,36.6667,5,FCC_face,0.297565,0.53945
0.18,2.6429,36.6667,10,FCC_face,0.36631,0.935579
0.18,2.6429,36.6667,15,FCC_face,0.396128,0.615365
0.18,2.6429,36.6667,20,FCC_face,0.410468,0.486868
0.18,2.6429,40.0,5,FCC_face,0.246521,0.203913
0.18,2.6429,40.0,10,FCC_face,0.275917,0.81268
0.18,2.6429,40.0,15,FCC_face,0.294487,0.415534
0.18,2.6429,40.0,20,FCC_face,0.306605,0.503106
0.18,2.8214,36.6667,5,FCC_face,0.308879,0.214542
0.18,2.8214,36.6667,10,FCC_face,0.390843,0.395886
0.18,2.8214,36.6667,15,FCC_face,0.429694,0.529446
0.18,2.8214,36.6667,20,FCC_face,0.450233,0.614951
0.18,2.8214,40.0,5,FCC_face,0.26196,0.413442
0.18,2.8214,40.0,10,FCC_face,0.313038,0.312007
0.18,2.8214,40.0,15,FCC_face,0.330021,0.75573
0.18,2.8214,40.0,20,FCC_face,0.341674,0.435157
0.18,3.0,36.6667,5,FCC_face,0.317319,0.145079
0.18,3.0,36.6667,10,FCC_face,0.41174,0.249012
0.18,3.0,36.6667,15,FCC_face,0.459675,0.362075
0.18,3.0,36.6667,20,FCC_face,0.48695,0.501602
0.18,3.0,40.0,5,FCC_face,0.273242,0.97028
0.18,3.0,40.0,10,FCC_face,0.340702,0.36048
0.18,3.0,40.0,15,FCC_face,0.369523,0.376564
0.18,3.0,40.0,20,FCC_face,0.382624,0.730492
